	0	1	2	3	4	5	6	7	8	9	10	11	12	13	14	15	16	17	18	19	20	21	22	23	24	25	26	27	28	29	30	31	32	33	34	35	36	37	38	39	40	41	42	43	44	45	46	47	48	49
0	35.45141708794034	-19.50701579500218	21.45067945232079	-14.001144315826243	-18.51708839385424	-6.2421640484368055	-9.99737413235207	-4.235026466977745	46.28460572012794	23.258497492337327	-2.4192909553273836	-8.35706922527636	-6.659167872230148	-8.90912715344177	-8.74279458321151	-19.2354159833884	-17.0681406844923	0.9797545178228724	-20.5564564165293	4.06395028602868	-6.306319798118616	23.68069153271119	0.7800419641499459	5.861828934905604	4.609774289761311	2.189377759148017	-4.970152002921809	-10.378432205433391	6.264926443941705	-27.52092287275961	-15.868714213973487	-9.059392348183486	5.123555167942435	-11.866641242330793	-21.060288991913644	18.62898428950189	-8.390775704394906	3.070204350526705	21.55966994753011	-1.5701413601004435	18.49480571562012	-23.839578953485887	11.547494121276419	-10.152013254526246	14.720275072181199	16.226926411871137	-9.95938099006527	2.903829199600908	-8.925343300631633	14.982421471685594
1	-7.07440285616182	30.520318504318446	-9.949956145553513	-4.070976900950322	1.9886061255161582	8.795347798598502	-16.223344847051656	11.203134887028284	-7.992212840194349	18.860626637004625	-17.14909422942778	3.160586379273477	-36.00446823695765	1.1097007705177047	-4.809825392713066	7.032768637940356	-15.064013832683283	-3.984669316331578	10.373966445463058	6.392172267410471	1.6870544997631713	-9.233000252551845	-5.2949267923956995	5.6901385864753955	5.6491584013569	-12.097320669532076	2.8534295400498175	13.166977591476765	-11.714790308813907	-4.187381391134602	8.715251528630791	25.895761727793356	-4.851548543467484	-3.6191184026009564	-11.165536924786608	-8.034223796711718	-23.828642368039272	19.939125473268646	2.289910390692305	2.422325158477923	-14.816568856944103	-5.267532706103415	14.511759883248999	-11.499471179979391	1.3317329073620745	19.166322001759234	3.73258236688985	-9.879489241492385	9.491586741346083	-5.376276149996702
2	0.6899847183070625	-4.964436218651715	26.683447380127397	-34.480231735242945	-22.905858933448137	-16.670099090359013	-3.274327628964164	-4.861502334812091	-5.349762087537883	-13.897913843865528	4.0364345833924125	-5.631387991613213	-19.44803768747771	-14.78099592905923	17.870928956368637	39.11551866592224	-11.53514865037458	-19.841937644101424	-14.002634964230005	-7.504781616191677	7.68307459750472	1.3304757952514037	-3.916100958272202	6.823781598941246	-3.4413564391390095	-17.08612616325357	-11.55780549583934	9.194855947051753	2.231152233903669	13.096046639126236	20.07189353949154	0.46586371451433806	-11.913344340746328	-7.917773251313863	24.951540997855115	12.11893744250142	-6.216584794467456	-3.801772279430309	-11.371018201533046	17.83973485707513	-6.696422299107697	20.947660850661606	1.4843359681659138	6.392049838086665	6.955038245541672	2.337065752571248	4.012712374182399	-3.1844159087577393	23.341997673198946	-1.7199847227991802
3	-9.26101551929303	6.163944832627793	-2.3262622889934947	21.2382147281803	-28.04898890574552	8.02210920019313	-14.289501933685816	4.840549634288573	-0.4380085512775354	-19.143919055215772	5.3793712999164205	-16.29919410538283	17.257642953170077	2.5244792544680057	-12.681956635815325	5.972553944467127	2.3166919693544954	5.532885182533947	-4.172678267470076	-11.559377984204279	6.18142307845898	-12.502459178857995	-20.927454021849705	11.00485724695447	-5.577070753759946	13.708132094980861	5.168295106415639	9.591456039346438	-16.078277895579	-14.18468105936649	-4.974391242087262	-4.467379459001821	15.211004910880964	-3.4723551346720414	-6.575885422219811	19.941481703417058	10.230510314100302	-13.26147438368263	1.102449317725695	-11.415768862446091	13.179886991640801	-4.140201430946033	-3.958142164551459	-1.4339746248082275	-4.403281331464173	0.953805775013822	-5.422472291796713	3.236226802435536	-2.1765013250037475	16.76903973596172
4	-8.436647384753588	14.019435144236123	-14.756286584594836	0.2164960805419005	14.560612639017247	-17.626977243063166	-4.118700402669562	0.9256599916116393	-34.76448148552535	-11.236793925211535	-7.286401082376838	-13.20558712454999	-3.9330344816542975	6.022083280931707	-18.39706202046891	16.079897331512285	13.655288871206032	-8.458478215563588	3.380233866459501	9.466402071387058	-4.370049566963415	-2.194188536139964	-2.4704817835726463	11.564831755471527	-1.5382455389175702	-5.4275809174726986	-0.1875838797840796	16.062228044108387	-3.228171774660252	-13.36027844054309	-9.624341814343982	13.496512184333216	12.7415423849232	-12.103567062524636	6.196246246942321	-2.090265434311104	25.10180247349965	-2.7937758044599397	-7.933329350881156	-2.4112883127075726	9.106055373666193	-6.808263211995385	-16.88577324233588	12.07832375946658	7.417729070938094	44.748579785072394	-12.570484726285667	-8.830923530250436	3.1345388812967965	-9.047775068157499
5	-6.673157762310755	13.68497515988192	-2.885928674428317	-13.21099847736867	9.547578908457169	27.709456155788025	-2.9322431199350687	18.913828944398112	9.568289627702775	0.6467609563705374	-15.152187071366484	-12.88382572863192	5.067691195862217	-1.5625299065492384	1.698733237774103	-5.78913650742731	20.906527022563225	-5.252193740943095	-28.862349672358306	-1.4670285899738797	6.5249494581956125	-1.644838662907023	9.990174247991915	14.949927375588306	-9.375464463793383	-3.10012319713058	0.651024375808827	3.3874186471062093	-1.3493343540789264	11.492308919022266	-6.448042879619004	-0.7951985965750266	6.148448998783557	-13.453790696351682	19.298071345068504	-24.634439741158463	-4.4146212003750875	-7.588446089560419	-2.924201571761171	-6.60017147810667	0.16959260621232086	17.103892150216716	12.526154946703695	-7.693156861085824	11.226116872319576	-10.88864626134485	4.15826809435025	-1.1934665151821227	-19.11069414996983	4.691110373952653
6	7.133791948452208	-23.09403486946772	12.070115636688007	5.451927698248168	13.02016915791344	-15.372272851685647	24.448210207562102	-18.109012470475825	-11.716910871639499	-27.757471676561714	35.08077021569777	-2.223930115080108	-7.48859453245176	-0.4537861996201693	-0.6100977474350784	-15.195978379847553	14.081724918812828	-3.9166108048793986	-26.33700315191409	-15.099856377042382	-29.198568752935753	6.692571572680216	-4.623478812374707	-16.027761788278774	20.58840209927289	15.285325516905193	18.511195038315446	0.4485609515714426	6.915263851152836	4.622299964666482	6.31664888858481	-8.30686684778163	28.539845823178652	-11.430151047553895	7.693788876283695	-26.289223424244472	-2.24781197754597	-2.9570825030007866	-15.947731211276178	13.751002817859852	9.584868307399752	11.693166958638054	2.025104387225199	3.373241353133616	-30.067549978862896	-1.133002416704024	-0.2548803580606227	-7.3539045692696146	13.42686026476607	8.185049116605496
7	1.5294456135306582	-11.574500875589184	-10.375002238199928	-6.639519673773305	-0.6383618421198811	8.665660469510431	-6.558058817627224	19.560668153001163	8.63259191806719	2.3357994262831774	8.338528718825756	-8.76793531013063	-12.855739694482947	-6.266001379611778	20.389630551632816	-23.92366843924748	0.7062774482036063	13.663163345142761	6.020124197380477	3.7571019909040713	-6.808388805343244	6.728121977148378	-12.983365070037493	-5.8589275780328816	13.227413968707	-11.88235466606919	-15.663598575978702	-8.707844042319394	-6.337217175246022	12.25569431673689	5.407119154870242	-4.498419980212156	3.8018572504797055	1.2006078926895667	-0.08408912943476698	10.125542112751273	7.712487189528951	30.99726720391439	-17.93289522766718	-8.952533006479822	-0.06474711272740022	-11.018448937307262	-18.55402548043479	9.902736132359566	-5.389372322530127	-8.381486215097741	-2.6884632550431333	9.750226230031698	-2.929663626826123	4.762297269981188
8	-13.73211957254293	-3.8512280182787126	18.225793737906585	0.32837074552098233	-7.159636329319436	-8.002976087874234	21.137472256063518	5.325065000881402	32.11458540604161	9.142068499832522	-9.367622165441775	5.5378725890141745	-39.71414577189797	-16.749732130385794	-0.555247008184695	22.864614133197662	5.590282543464459	-0.5720152118840671	2.4569121041002426	7.428155833304602	-10.03841702124225	4.434337614705321	-5.852020277913377	-4.08942977609694	-0.35730934219720556	-20.609620270982077	5.054724806891178	0.32030602463364666	-17.798811523320982	20.393141545655055	-3.8956432779472765	9.81190558630622	-15.51806333959728	-15.789288196063097	-8.117564381014514	-3.6818697921656036	23.079152328535727	11.874905621811578	-11.206378962044425	7.8285313028248	11.877496134316972	-2.895452295599849	16.46073787106824	-3.9134608185938706	-20.62948889290441	1.9264578316246936	-12.635596405726185	-22.89960982841216	11.250455415284055	-8.991282724030201
9	14.390344020488756	-4.8611254529393655	-5.749929062797571	-17.976070955137402	0.35279516101918595	-6.254990599017471	1.654171082173674	-6.72647886631776	1.5012386892918839	25.696746297974244	-4.216127921432403	-0.00381320785461714	6.73039253197908	-3.63146771991393	-22.24339714004395	-2.850343630718525	-26.586274788947755	-2.3313107156927177	1.8151556080402855	-38.43143642566086	-6.839178773065685	-2.0611990116143026	-1.2131492068053067	8.512605595140943	1.1167556769280411	-6.214166492173361	21.200365518170855	-1.1643897807892905	-3.0057677647623042	-4.973763060612498	-14.950660142018727	24.61226740752661	-16.00197177579718	6.425652928075804	4.719935909750479	4.799292640649707	16.16140477785161	-5.770317016555971	-2.2700564051994236	19.59929260878833	1.790283798280672	14.727095275016271	-9.433437661498585	10.356467360384313	16.99610872778448	3.3595257468736133	15.080794589450209	-17.990089142188427	0.22632968432369216	-13.621165173754893
10	-8.857335173529039	1.0235375467524337	12.46812107199542	7.7600934948125975	1.3078151714226414	12.182532475365294	5.264054638974171	-24.85392435728495	-14.323569180533056	-16.786559310175228	49.781149901154855	-0.012826214744722536	-7.266993150548723	7.712633452548602	1.920508605638866	-17.787759895747236	-8.956932053333908	3.2362855770922296	0.8307623309702683	1.963630106155497	-14.308934385138926	9.474842811512348	-13.427768487088397	-20.628792227942682	15.515782701268083	3.744590876037445	-8.48655391132963	1.447454346196567	8.914241372791167	-13.973409130527436	-6.651318281602954	4.958708623131435	-0.13128551554236867	7.18410525396426	6.718464168487278	-1.2936383374803402	11.383202006943492	13.908331443410288	-18.28980710424098	1.5345740435356425	-3.7206822489926945	-7.6298622122639035	4.389647204920012	9.407393227546288	20.108362309677233	-1.2369482942811216	4.622039200946372	-1.9234884600596822	-10.658469112027527	-8.982357122248066
11	-4.30443672270986	2.8763816334681955	-6.698919580295334	-0.18809032690352523	0.8846439298190515	10.426638979232216	-19.30361239104904	-40.34754762728567	29.277907897395526	-4.283414563642839	-6.640870813260103	33.61762906868042	13.766659044893963	7.878770469785451	10.226753240308078	10.306697175666274	-12.402734765636602	13.3992246818534	-9.726229932051748	12.146003892842344	-14.665284315941967	-14.909693511739341	4.317280565658063	7.222892739628502	-10.626495635204842	-12.378830711732187	6.782286011170303	-13.374929047515874	-17.94744346531477	7.256681863893397	0.7180798846909744	-3.314121985506337	-4.0882078851193855	-8.437400157040212	5.4999141299006755	-4.166622623029835	0.7334047690664821	0.9708910621562866	0.6622185361039852	0.5640820313361111	1.136579090598267	2.1414036867246744	-4.8183514428051675	17.411811252548723	-3.8251603342789924	6.158980538827853	5.388067191473856	1.6418194774107933	-7.725473309178475	-9.449374979839003
12	10.901257894392957	0.9477904033068487	0.650530653920844	-7.049714532296707	12.234000150752003	-21.187461952350684	-17.597705507003724	-18.788574687542294	-22.89768225277576	1.4255997624633987	8.421377906882508	10.734682226503564	36.608655448972286	0.5556793883856781	-1.546766467539875	17.213209098602455	-9.604978003639317	11.581049403157442	-3.0180006456464277	-24.542291112881564	13.620968462369973	10.83697797423358	6.258228724887133	1.117012094610603	19.53575094285585	18.536288360886935	13.431065102030033	1.8281365625049606	-6.308443148064828	10.994685166797915	-10.805450066012398	1.0130455507932343	-7.121484213229499	-6.464139786948645	3.9634439311080047	-9.47274668594347	-11.559141944858839	7.595603887069496	-3.6557534664223836	2.4706061568762485	16.500153803922466	-19.326901210133883	-4.462555593913333	-12.960795704276466	-8.876091562192013	-14.442095941557213	-10.747422479256647	9.769262260750285	-5.830146361206677	-17.393886398245556
13	-2.369563807272338	-4.459508996130148	-20.90574217854371	-0.21886873071007074	-0.9461940683498291	-10.034252192691651	-17.035038414150055	-2.303076677325607	17.936019847495032	10.552243763905569	-15.66952316489648	-11.49248499816931	-2.3307616419763395	33.05144654255152	-5.30658629808993	-8.556305989958917	-0.4384689486402671	3.5219865187967496	-5.0282341437718685	-16.679349174006706	0.8369940424059523	-11.796067390639429	-30.920884926005375	16.122710518431877	-13.923765101660416	-1.7001938619657753	-12.98179833798903	1.9820699543234968	-10.602219593598873	16.205314666777582	-15.040616912595112	-12.053714006100789	16.83987563848896	-0.13638567782557054	-8.368204122144157	20.790587920627868	-2.138753482608829	4.625032592150986	9.805706839383916	9.04475479843883	-1.6704722316277574	9.437514310412901	23.257254747500312	7.6857343946522265	-5.8984586868607884	3.196457112645046	5.570150504889742	-9.208660900563459	9.570277601709956	17.096007211457746
14	7.740373705173209	13.400722021971784	-44.10232335259228	25.610612340494484	-3.4937085447189746	-9.299290445930957	-13.408208517584042	0.5761051763280953	-7.853156802622298	15.892670550932255	-5.666835199891641	16.48109594486185	0.043303541001795676	-5.865499979639274	36.550330369773484	-4.654020386175443	12.584792379308347	-17.58122870887248	32.51122211609865	13.38887175984484	-8.316807908521817	-5.309789785457386	-5.583167940237117	22.03274588393132	-10.876991481719074	36.42382682531111	23.916849726617265	-6.769858647483144	0.9139853045194348	1.7587169210839972	-18.25244652330968	-28.853587815333746	-11.310978407181613	-15.043462867209492	-18.95425844064745	-20.277798505234408	-6.195549259210092	13.817368591733867	-3.22945752891032	6.356227745389764	5.4402809909858725	2.7736354038933575	-15.276102139870074	5.401602455617848	20.912896396015665	-14.530974791697572	3.9859811096160165	10.127377349126952	-16.970016244140858	4.251060526797203
15	-2.5291494823782963	-3.28095370518077	-10.928269404719131	-4.357240674663173	2.956062559770505	6.795569792597278	7.6983077613746005	4.794903187038843	3.9471581460132965	-2.9938318535893416	-8.160145709675284	11.97745251559988	-9.972256779247003	-7.818547987070739	-12.796773946834989	46.386554519641045	-0.49928041750999497	-3.4167305787736506	4.166144892511354	-3.1009319043718824	10.241754209394632	-2.392120790194033	33.70631748355683	-34.36401436762068	-3.415676902742758	-8.19444920853653	-11.99933889714061	-2.160740619986991	5.806439059930723	3.637561661957542	-9.691805407969644	-2.8672589827466615	0.7353484807899986	2.8874843155649703	-8.208324591443233	-1.2164092901442145	-14.086629938124172	6.19973203227783	-1.7766599409712722	-15.286612681575058	-6.644742823971894	-21.894845793500956	12.158363635352632	8.9206203961697	-7.92495080255567	10.748852982869384	10.337959821998945	-0.4311444679308518	-13.39263462629941	13.280353611780175
16	-9.948795964793794	-22.50618693671425	-8.818663938368163	-2.8267550922180584	10.539388583458955	-14.577922742108228	1.734120750756941	14.934188535679272	-19.059606377155784	5.657194015336399	9.647387819890074	22.337392409632727	12.03153225956125	2.776407439277014	15.787768000912719	-29.552196242562392	40.69600891124738	-18.537737254905554	12.36730220635786	3.634931939476232	2.279582395387712	-9.647320605217555	-12.117391283930143	-12.89100734171415	1.7500974898683488	3.063439566082485	-1.6135167482822135	-9.891520957947058	14.75785633178722	-8.43336313358619	-10.529029096667738	-3.5527719000249416	-24.99670171706818	5.674557578332499	7.402343077708421	13.94007819717983	-21.187591441153508	17.808455370528232	20.801533738988738	5.015501140672922	-3.5517627206627207	8.90513625727213	17.24803177739018	10.780471332068467	-10.083698483473396	-1.0530300565500776	-11.754526258088523	-17.85082528592714	5.903352839741164	7.570321115551138
17	1.228952036432803	9.517164458600366	22.658434020389176	6.917246621767041	-9.218674379354653	-19.519261055976074	26.475893888486024	9.721526319024123	-20.5821808065482	12.424174646047891	-12.266033192300196	7.43856501538499	-9.856480288438318	10.456823461110268	2.884312283007365	11.91760835400987	-2.5220395926572383	39.50433306512747	-10.277377711172615	6.1567817574717925	7.744782333114093	9.970198776436032	-8.432756484832497	-19.23230627220809	-12.78355240354322	7.692249033971926	11.590385994941313	-2.659359403879	8.38488543908364	-21.74753508915482	14.644912231690691	-4.795245446107877	3.4616087848072956	7.043610093430639	-1.0984915685947705	3.630471852343979	-10.580232926260809	-10.403187035440839	-14.44262990589446	-3.912749987019762	-16.759014683575266	5.01488942669557	3.4024226354410745	-10.21773144783261	-11.746274847750193	3.85988185346523	10.047684282680716	-4.151604417898786	6.544986583942529	7.835427456023035
18	-29.74265432942758	-21.761572316803786	-4.376256288829123	-8.550403445068813	-16.15398864528589	20.08176617261973	2.6773905530644497	5.336868811913579	-8.882643015432226	-3.49290459766527	4.156040491649614	1.18601928167491	5.284811904258962	-14.518996148533455	-7.883514741934199	4.090257586922894	3.7630407952911407	6.083517868148586	27.868692005166025	-8.973399140941542	5.808226577868008	-18.364628908667576	0.34401236651039224	-5.498775059602324	2.3930917269395104	7.509804243063265	-25.50110886167815	-1.7548816460342707	9.07475101650906	-9.907614242779244	6.826040806687366	-9.917591713496787	10.71363270480074	4.227064864362937	-18.519744488233883	-0.5752410191275644	36.8559315055371	-20.602507926557738	-1.3279801264215347	0.25206553262901543	-4.7023513257969975	-7.756662185824145	7.348087239620579	-7.528182287908898	18.05858714606272	5.2957360320881515	5.996501708970117	32.54285005715026	15.32342889950337	-16.49688893182514
19	-2.701055911344276	-1.981830373372886	7.667132351867046	-2.4472249080343804	11.087379645208445	0.5646046849732285	12.712675899200875	-16.046344011364017	3.0918377846588694	4.583672604477323	3.730757752697637	-13.00066837238821	9.569899000869636	6.6663646548867295	-13.8898961448389	7.257547045310704	1.2337039950417346	-1.4188163321835097	-6.5286782783885124	34.29992645532448	-3.315873085776066	4.080851266068626	0.12651003439556785	1.3621631332656765	-8.165641726752057	9.652290164132342	-1.4947859680352644	-11.591492638061398	9.797322572401304	15.321584445259614	14.127050507039197	7.471910602238754	-17.69894519253868	10.856004821829968	6.606223140871315	6.28323352418921	-5.5100069501294	-23.90849300150845	36.0703200972886	-4.594300071575264	-23.979676443902562	-9.071507792811413	-9.341599314931148	0.41809626753305995	-7.862717581387271	1.3386792562164551	-0.1375185289050147	-34.63679811649741	-5.377264654388108	1.222890727174199
20	3.0447909621747913	7.144361878904637	-13.575653496882616	8.852430364713186	0.7894730756410926	-11.422930349060453	6.277157796145447	-5.448966167787339	-31.92901657273571	12.695011883784243	1.9049359597908284	-8.760126981700207	-11.867745537150093	-6.925595350001359	-2.7746216659292857	-32.118127558275845	7.297467017811074	0.5751734715177212	10.212101349947233	10.633559941638847	25.365008123199495	11.768856451097287	9.285606568612959	24.768155135654695	2.225662632332458	0.12476979045289127	-6.400758770611474	-2.907253879145334	-0.9058410208520598	7.602626485439445	3.7955720206413086	-22.880728874909593	16.03676976276392	-3.7134674707016515	0.36071700152326347	-4.145947592101433	-15.545347033769044	4.923258390453912	2.091051544116347	10.830457585333743	20.833710037733876	10.284049462929488	-12.905431049191577	19.473862141118637	-11.539577505706308	-17.354832782835317	-17.256765210130407	7.438748068572922	-15.419560292192001	5.037723064867312
21	5.889847296440654	14.393082319128858	11.319073065599015	-12.084127547326101	-1.813976513275044	13.105263051634141	-11.27112036076727	-4.485509786409651	1.7070321658444978	-6.972464512227294	12.767946596254802	-9.143708711600823	4.367476443074395	26.846532947558774	-20.655998019791976	-5.40069219626003	4.605033282127556	6.807869869953249	-7.220184533031814	2.576571209103646	15.898180951300137	36.65077229158986	13.071041003911368	2.941350522686067	-6.727964568920192	-6.728609276342338	10.958514091318637	3.395868610480191	-10.879406627457874	-4.714252727159092	-10.938627556061352	-11.931635919974784	-8.381470008736073	-5.351419767294955	-14.08262818541969	-6.432627314429275	-5.6998993718882875	-19.766139583075642	-14.288753041646508	-9.828379804616578	-9.498633194524675	-10.734876006877055	6.45430747425058	16.467422085828936	6.776776599755332	2.9593336824591443	15.42476960464786	-7.647517840691497	23.610270659250187	8.507028751118687
22	4.110576403772278	-0.4657108547891352	25.062267001807378	2.8539884989911632	13.357223344225806	-2.100927760798987	4.995512824251817	2.8838272680348846	1.3625126496813946	7.845686511076748	11.654612602689605	3.7708626172334685	3.3863908239489047	6.5714782014191515	0.21190824600264785	-32.709234735067305	20.547599873251183	-8.515230462623148	10.90009659722033	-16.029702081273197	20.467704715160433	-18.253798139853018	18.504550296835237	-2.7990286231063397	2.6268046526905855	13.205438126820454	-6.587950962630864	-7.14865059167162	6.016572936369167	-0.06562776106846985	6.9250233031101995	7.549274501786611	2.258297010916527	19.03289422551462	-10.94643916324824	-8.24634539378423	-7.641873060652245	-19.866225617370702	-7.3800813977807795	14.692449215297405	-5.757755074583774	-10.447327311074336	-17.14369361553375	-7.933084245982958	-18.466888226210003	4.942267944981536	-22.945823910689494	10.732254227282757	12.760153431521449	2.1100698867679513
23	-8.402488727904132	-4.035603153952577	6.471346669098285	2.9671970637182743	4.011020124865317	5.542952304655776	-1.8684669667553047	-15.4519259298546	-5.38279234703275	12.037543142858446	11.02593172245304	-14.264556398168642	-1.5823082472069054	-5.784055584033041	0.5444030741947457	-2.9485422749239723	-11.160997588565348	0.7372162625097447	8.650840867643186	8.13971968816285	8.249588595961296	10.869029338041184	8.39209800423448	14.801407157817788	9.883991184331773	-23.835706779148893	-5.3453758266214955	-4.988713925447958	-15.320397689813243	0.1332641102326002	-7.819619601881625	-12.335996181746264	-5.40138040968671	13.993116941694382	4.811083516258087	2.6000813609664157	6.518679001332602	6.582513245720718	-7.898287943029984	17.17189917710109	6.508687789883259	-7.208000684273241	10.064174181085438	6.414379580157767	-9.076196588999425	-18.184978664260655	-8.28177135755724	0.9268821225883597	-13.833953070108704	-12.596931756067438
24	17.324388500462774	13.194064709260003	23.45083231989603	11.117151580790118	-13.886075553144366	17.629095617331323	2.1948358375644057	4.60567107784609	-4.449243343329292	-20.816976164460044	-22.04254986745773	13.80052230383741	4.066044361553219	-12.609155005142092	-5.076363863168213	-15.820455909040614	7.1298880825140785	-11.80333735840209	13.911241744880229	-15.544540229010119	7.810385403982097	-7.745331277616269	-11.499591622235352	8.216408729427956	47.39598821776453	-5.680390074942557	-10.340405072712496	-13.30745160351562	3.8135835727943403	-5.70014810947475	-9.577750270700353	-3.296320025026087	-15.964200643943421	-13.9912341488753	-23.249163438401105	-1.7332230535340236	20.816478530060504	-15.211450621048796	7.060141180030906	13.704814889596058	-14.891265782366006	-0.055786013682227686	11.19481521039774	-7.521920754528595	26.875444507066895	12.754813414960857	12.578458134823123	-8.391080490021237	8.256520876539739	6.16676933922405
25	-1.9308127587297377	-4.052334960568336	-2.3608526589843684	-9.690652209952098	-1.05601896931904	7.867852754943932	1.9342761544632636	-2.265722682168185	-6.132708907844059	-31.0221976126015	-20.095939709723627	1.9712915652671221	-12.965696875528998	15.593374478239593	12.75119727988999	-5.8519163302816875	-20.781760153454556	-8.80428521999555	15.5677051892538	-3.335019006043529	3.4750670255399605	6.2380287969660575	-8.69366421946455	-35.667103800527585	-0.45843387575602834	29.99020460521885	1.557605659064874	-3.521936528643889	-7.62327539876928	6.125596711139837	-9.845524414167949	5.287950079798631	-6.333315280933624	-3.5783413592047126	5.483950380067319	14.83182246935279	24.67582024415208	3.5432547526379707	2.362707470053272	-10.407819392816167	19.08224706937186	5.350379397674554	-3.9951594144059843	-12.421633659615765	10.363507709446422	6.078406482192044	-2.859410529933997	3.079066310564204	-8.617228885906483	1.1676769632152
26	-4.730723413650773	1.5387422344345372	-13.159931405185077	-4.528240955598087	-3.792708056220758	5.202239891834526	4.133371833398457	6.35339217835332	-3.7637230466831646	12.106115842112985	6.762270279853311	4.791796381815878	15.839405845498002	-22.568613061205326	-5.949444988939446	18.08949949022962	10.632445237962225	11.117576664644453	-18.01375288701256	-7.0031814987595205	-25.242630756610136	-30.968272487476874	1.9360196849344313	-9.70195061435798	-10.856964210493787	-26.792108052440962	18.997348750007536	32.119226932052044	14.18198382811663	1.8501442938004726	9.981263467108551	28.853659408436922	5.199120386226644	-11.440645186775694	-9.448816960728143	20.691587557878215	2.7046573349784313	5.410454081765154	12.96253277366641	4.398030696208193	-10.488933910466056	-21.10046448789645	-8.377320623648947	-9.250237674071297	6.068019145541044	14.885260731553787	-3.4183123512578293	-7.568449307013413	-12.161272374525314	-8.472655445630885
27	-14.93571609835558	-5.327118565715876	15.964161807963773	-3.3867794180874267	-12.62477550026417	-29.850139395152127	4.270669532199495	-11.763085963979456	23.99597357506229	-2.737124771813712	23.66697286068412	-17.71804513205573	11.01941081513046	3.7254611756701155	11.259290967007573	-11.545840736355062	-9.289801938735696	8.246644184135672	1.9520428710922695	-6.79917526639902	-10.244141568832571	1.867258475826727	14.676963069810167	8.400877036815546	-20.927379378376536	9.616893002875829	1.5897600779410166	43.01028402786009	7.806681050471781	-3.7125448714984737	17.85718164562015	7.044961640034714	0.9011315542260421	-1.449088213689394	12.377946685785405	-4.039353058484418	-3.2994382804023585	-14.349099523053589	3.500745316508841	-3.101082344214995	6.461690860243976	20.185050552731703	5.1719435994371	-5.915378865829858	-23.04531359697447	-6.372206467715628	-3.223042029025616	-15.903741579829973	-3.890202402329443	-15.393733424149119
28	-9.992015637227569	-6.263886957384099	-6.423088973002153	11.945028849046182	10.528155522525228	-11.644122900603904	-19.875596417820688	11.688278564311117	28.849607281178184	11.022037208296275	-7.840083125998682	0.8168590122650174	4.413683151975393	-22.816644319207057	2.9817436513974194	28.009760978319157	-23.784286595017075	5.93251929869824	-4.998674950408084	-18.557170586951838	-16.43731304321085	12.19514274061125	-4.340161365946656	2.7569240054740023	11.088278784254342	-5.050591523173072	-28.710057894353575	6.130699288748387	22.374133891995733	13.209617519344448	16.297756280189738	8.07392032602548	-7.6844856237947425	5.111493464132608	14.916119409427326	-17.79645129882148	3.0229968385875683	12.15569525582379	1.495953544377897	-16.999146638079733	-28.580079949617637	-11.866306769464986	-4.192942553517435	-7.438393462675755	-2.2184074869785118	-0.9005801643606759	-1.5948399541813452	-6.332186468025398	15.567675064253114	0.9208084899691391
29	-7.598252458803343	2.3790518773250184	-8.227177604509064	21.50009762386125	6.212216746531293	2.5578471196417105	-3.008293762070365	3.450793008685697	10.862923844805362	-8.405124154628078	-8.309503100607731	13.913649865365521	16.232203682181858	-9.720227608419444	-1.9414557364137282	1.5523030445236439	20.85384761216702	-13.722731896235052	10.954292864975512	-5.281971300501483	5.550565461826318	24.23507133019814	0.03234917181052377	16.874314172834268	-17.144075774940017	10.354284897023547	-2.3139957457915217	-10.224289342259809	-11.751423802384256	16.76813345238347	7.2885730594487255	-21.74179524344768	4.291498672282316	-15.25574189856338	10.326591897702448	5.63508471507827	-6.697016534659175	22.525951199859826	-9.071033612772077	-27.591335068134256	2.7501347075715175	11.257662307614734	-9.696002887169614	-1.3915136550696254	-10.259885805932699	9.370107602156217	3.2307794943560455	9.356109035653132	-19.758336481427598	-15.686215380238854
30	0.5973343217514884	0.5165058082168226	-19.420597828402524	-6.134673954374339	7.838574935252735	9.070318951161177	-32.434221886079165	20.32658545404229	-7.708323998985578	33.02820048709635	-2.87961854037894	20.056420972179293	-10.018095081232271	27.584276745197293	-7.325214519963881	1.6990495749854528	-8.21333066689332	0.27702006673614843	6.936707249144301	-0.8801356496336811	-7.071528909237699	-3.997748990343244	-12.350533383996336	-9.744996817815442	-9.487077084994805	1.604663529507702	-6.406491363202526	2.8891580558337435	8.374662714526606	22.204900194759162	17.998992959848753	-13.43475288589756	-11.47584028359521	-8.56554430204198	-7.229417653496251	-4.086660252538607	16.07650401498685	-23.661979013868805	14.871457929527901	-2.7974036627905976	6.433155182822894	10.343019530712397	-9.603982734508323	15.958266931236398	7.513040103901774	-5.084929052215408	-37.16582358441917	24.993389006634377	1.111139280067054	-23.18823019890442
31	-13.155619976536826	-11.189367920597656	-40.798250685101465	1.088949348729129	-4.909241719624987	-13.226047677201151	-3.255521532615386	1.0817718404525531	40.72788963482517	7.698856017224582	0.7403576396086018	21.75017696235736	-14.368565330710359	-4.6505284269806255	-15.617784885461605	-15.42994751544471	-8.985441058251535	-12.593416790850789	11.848967376475265	0.30477152994691137	17.179126884124162	5.717177518706478	0.21194843094859683	20.744885747582405	-12.365594686115939	16.296890016739287	-9.129009701954953	11.667113235962349	3.306990794490419	-6.093671061684512	5.617435212700587	30.265248815193814	12.250241725435641	-10.568456142899679	-19.113762917097084	5.124161052233948	-13.63510865596999	-2.2103477937931784	17.87058244035116	-21.301724106011143	0.4993424140386823	-13.916970084008447	-2.6987249423987745	-2.6952648586094146	-4.541978089108319	1.6807464456979053	18.044547896726108	-3.0817672848413817	13.793651976492407	16.727047529250694
32	3.4500371484983923	-11.961501707721897	-20.308982788313592	7.19012746099589	16.15777094348825	-13.922088221301872	-8.010051039393032	-16.981600272933566	-19.700577525319325	3.8437695352632186	-8.921946047897281	9.032246729000704	15.855770926804682	-7.560823491285479	13.948415528611743	-15.759112587115261	-6.533382166415773	12.210956050461366	-4.074670320979456	24.87887694356444	-4.0784807378236465	-13.720299778362373	-2.3701215446488373	-8.844544289049917	0.44338611568393915	10.246491090660186	-6.717826346309096	-21.972800724621806	6.45508826261926	-8.52951430523786	-13.376784844764872	6.060699567708836	34.497904438175425	22.11502497081276	13.160331036301132	2.4491086338708183	-5.165063166340897	4.506057226023016	-1.785367714664615	23.951530059870368	13.284500915425664	3.691383103124656	-19.8991233761683	15.815154239335023	11.192796539487233	-28.035558331174393	-5.971461339333171	11.810167088796565	9.253915389647924	-1.1268607039481848
33	-0.6921819343933244	2.5707753363866734	25.660560803528025	0.8598537440619419	-5.58174234603105	-10.047944088563728	-5.4774273206487765	-15.407918307133581	-20.068452865199024	9.624899897897603	-0.9067718364766574	-27.28467797221628	8.387583981136713	9.047415087471855	2.6743807284728907	5.374190875671903	14.077438325608005	3.849876435511524	-30.260895290900805	-7.187082849929105	-8.04651916700282	-18.782962383564907	-14.59153873502606	4.888057126390635	7.910277353772187	5.283993273803731	-18.13813265113289	11.39378931012824	-0.9325836159689763	15.802899432114637	-12.883232707538019	-11.428530830980602	-6.765162110557398	21.06519485337225	-8.93672994917359	-14.521161859294399	-13.058458058515713	23.435468086606697	8.388512780352308	-13.509918594440416	9.878909917999334	1.712301362268106	-2.040085620771678	21.63449300643476	16.676031453345114	5.072077673964972	7.526443269955404	4.723775542627902	-2.8991173362111935	-13.303951154178515
34	-0.7730357690724272	-9.459686688628416	7.91911142537959	-18.49475481698578	-12.5222330446024	2.601288254326386	6.434938612846582	-6.658494103910341	-2.3611798628120746	-0.1444176222097029	-12.601254635687447	-11.759667848819747	10.737554361297418	8.260348570921353	-13.91984620562865	-19.649991068340714	-2.767489050393698	0.8343545443434182	12.919085083742146	8.476294780427631	-23.88794711186064	22.369078560427788	-4.095439363209538	-3.21669320950358	7.717534302081192	7.858711414139248	-0.8004825330409377	-2.242119398164123	4.3290078358524156	-2.901594801637388	20.12514223770327	-4.119678053065978	19.657912378914794	-7.146832498143848	15.848833874045376	-0.4906465943780717	7.926271939497505	17.13628820971917	0.7804572378490685	-4.90132798093075	-1.0125480508082298	1.9734454770400947	-27.276943478468844	5.305946018829285	-12.014280756237786	1.0898058331339175	0.5306351230586017	16.48314418866588	-25.116118619107084	15.704505317190254
35	-0.41720434140161444	8.403324751455765	-28.656161416051624	8.009323993091414	-5.875796850844414	3.1076069057819655	7.78159338993662	-1.4335409037159748	-13.577347157075899	5.395219424790721	2.353182455057857	4.424842612228156	13.543422212082488	5.698938437567641	23.735088605496742	6.056570698567173	-14.23465363411642	-24.242174901934952	1.7278789135970347	22.507222534919226	-24.835000171862315	3.428981966360793	7.820974688164323	3.8438926266968605	13.949079242865547	5.012334189164986	8.489658961768301	-14.868127714801021	-5.23225535172301	-1.9299725373043997	-0.16798103385328567	-32.993279993515586	-3.529638680313113	19.862736151214666	9.610310366950165	3.527080421203494	-27.5155893483157	7.754154115924474	3.4523017838231502	3.814944833564063	13.234693607996157	9.327753110045968	-7.14782853768801	3.174579849041555	-15.899132793681504	1.3663257992901285	-24.522890492993774	29.125175840332858	15.129191304570949	-0.19551798596045528
36	-5.908615483766717	3.759377009202938	-10.540921537068506	-2.2674468719407193	9.889799780236098	1.733482165536537	-0.8551069353468693	16.66136093467953	-2.3468172444916293	9.411604289060097	-6.137724360230868	-19.005973478930184	8.132241898684459	9.796645835833349	-2.2005527307078028	31.56384747847433	-2.5625705532730727	-16.5259266244458	-9.887511809377877	3.0073082691953217	-10.633127048347351	-3.693076568024499	-12.763780812142159	10.189710516661018	-5.246511702833252	4.580057813436138	19.34807546978044	-3.7017425444255285	-1.5862840336802806	2.030254238193614	-2.0667705243242596	12.886637649250424	-4.688552290732353	16.174905320095135	10.191519295019516	4.0867156678353345	9.499587420808473	-5.526281431326536	-19.600066901964183	-14.82491960130008	-11.279642715505815	-8.807646062569502	9.806577813154764	1.4365091901436384	-6.770228131534482	5.047221329148364	-8.983264922470443	-18.17845623211094	-3.1757657673408675	-0.5503033926331522
37	-9.964106396171326	-6.34727103147003	-5.314956318722732	9.526371122774911	-19.924696764885272	22.604251307287853	-14.916823534401388	-19.758253391651174	-4.077248985376528	8.572190121914009	-5.151852831609646	-5.947049110927174	-12.747410361223263	-7.544635446915978	-12.008698965542656	16.59367105641767	-12.471627361367508	26.025001190936376	-10.554033405371658	-4.885082419815174	17.398858183081202	-5.465234908817996	-3.6341139523119534	9.034480134016288	5.099950169036074	2.573887891136367	0.6867686189608602	4.364515438200412	-18.25804143943507	-3.930934475655412	-0.7121745204881318	-6.611914075824042	-5.215369912282517	-21.684734409277954	15.581594115048258	-0.870942334035105	7.234864439535202	28.86959133821032	13.169515314834257	-6.860961712579785	-10.847697673429732	19.501699094377972	-18.20699129475854	-11.95471811550547	-4.270454187288834	2.586371862979066	9.254254312134012	8.56944585931842	5.266590343682761	-3.0090503514576072
38	22.4953342899806	-14.58053397931017	40.456961671055545	-7.769533853937769	3.5856241353708	-5.486471664767437	12.821643646860176	-3.8468489039247897	-5.894106226324087	-13.410426465885195	3.179214645470629	-16.112770837951025	-16.415230051719636	-2.539759300888817	5.131293207206717	-6.90884273014497	-4.654765535779768	3.217660971614003	10.16611760717477	-7.842839054733728	-1.5465916576877123	-9.45620037982181	5.045442970468085	-10.886842724346968	10.010003502959954	-15.361280878206173	4.192978257057059	4.962002943176582	-5.849131397063742	-11.568589895418155	-6.626304387986012	-9.761496148832315	1.4449827276469642	-0.06251164484391492	-11.439330903266406	2.9128424970868814	2.3331278104431297	17.713385479792606	28.11366615329505	-10.709730107951081	-0.7725617368637026	17.815282644805517	11.337729220817748	-10.478854735035009	5.754426178126955	-4.558543997491798	9.182671573750367	-6.526089364838153	13.541499803241141	-2.90274201775984
39	-3.166382901014943	7.489059153442984	-40.68021425696695	-10.129100887348688	-1.9189489871522487	-7.535026619900126	-6.9074360148024025	-0.4238791935239902	33.59032251883023	25.54288636396177	-0.5201920466290173	14.457025520190069	18.185339095205148	-8.055624146996475	-12.104833458638634	-18.02293031899857	-2.196227608410534	-6.230936898299694	8.886718763957006	-4.548298408822561	8.189148983033695	22.39338966475193	-1.8575512307655764	-0.7778518357294355	-18.619388316405328	16.944273793877464	-23.033789269890377	2.342946442083814	9.851092293352162	-3.416182639705543	-6.620238650437012	-4.51063347029183	7.970819767342013	-16.176966716709842	13.625604347315603	16.220160456793714	-13.548419182370797	-4.08341309924825	9.7166275400159	35.59500118124485	-12.133601578204216	-6.017280721570412	-10.817314775662535	-14.118832986447323	-0.8230322443670149	5.9508187341055185	-9.159521857593843	24.013766583418466	-16.33573615844668	8.810733393104474
40	10.360917915471996	15.146800111709755	9.725868989795746	11.70315345635051	10.091529509100749	-7.363439047884061	1.2237344083923807	0.6444121664856586	-2.1465808184330513	0.95298885719447	10.60210578489542	-10.869450045735771	-0.18826462511691427	6.025801466986038	20.463687630594563	-7.4284701168840055	9.99648263494667	2.0122208830717816	-19.905543290667996	1.488583524882074	-11.768169464908599	-7.972469329898002	7.771902073126164	-7.758973431598762	11.154585838652391	-17.193226949445496	0.4803747861856095	-4.390551969938565	-5.646833441389877	18.970825915432364	-10.156217795952607	0.5178998867324152	-7.031304339009677	-0.7940007776597511	-0.7009328744787301	27.339303870902803	4.276418379927162	2.338979882439042	-21.28262047265373	-9.309462732143057	-1.0820855836468293	7.453645214606948	-12.465699067375526	-7.972638969280625	-12.029285749863053	-0.3859861826809854	-0.9088822959115876	13.910932389201918	-1.5567947005522227	-3.293783697263004
41	-15.740147256247733	22.849808528181278	-17.01478733490482	-4.357948567524736	1.2295981027691454	-19.742800346841346	5.55245468942442	-4.0571714214275065	-4.969038772822155	2.210741368682822	9.70085674458635	21.32795128962394	9.737773789390618	-1.9626516876063063	-14.97453262194469	-28.13980517864458	9.855172641809038	-10.249299485170786	19.543900708073515	19.157957844695343	20.10454965566302	1.3065282810115302	-2.5851918687161444	-7.595529863079989	2.8182372722738847	-11.035069074309874	6.435700857165149	-25.241012856751105	20.99321638767256	-10.087010163726422	-21.23577772455318	-21.533875329960637	27.658081113524087	3.395550481122789	-11.540069919486367	-4.385029970990754	-10.01040755297277	-5.053306497052817	3.2226711989111387	0.08875664848996712	1.4577742686334632	15.014400874920128	1.045690622025269	-6.7074885214529765	3.4546965560078355	-14.292560210970436	-5.790702475549026	16.37421654068183	3.253222607319688	12.307827017763973
42	13.27199619806651	-8.51494841276646	1.754914508142341	6.542117467716726	-9.170038373399834	-18.72037514616422	-16.837246490898444	2.526262454460924	-21.897179668299817	-3.37777035323935	-3.936631617401746	-10.2636932251463	-21.136931315040567	-11.151035691010133	3.8236685904743837	15.515497972067857	-6.005984129622734	16.44164898587552	-9.0666166581332	-1.1678990397243196	-8.932508899751365	-6.346948682390753	10.48675777505454	17.882825415019607	9.134247229924863	10.843367228239536	-9.580678674714786	-0.8600445207721232	-5.108143009830263	-16.08607313122589	7.025082246465903	19.469374602757668	7.18664623633507	-15.616404909450353	7.759239845434416	2.556130894866434	9.155870451006598	-12.67117520330315	-5.6027644653194075	-4.6779951744026835	-6.911872149216276	-3.8046286248120746	36.702236684347746	5.594982385910436	-7.8407582196564265	4.394427522661482	16.344885294920548	4.889789536347581	-18.72771261976914	9.356506285231687
43	4.174933974106604	0.46133045168511044	-31.58712126848325	1.018772405510655	10.87618015795855	-7.890204087687076	4.445640735630315	27.958429527210622	34.92536735130415	-1.200745122482017	-6.221777070336248	-2.0736131990466267	-14.023828146994116	-2.502550736609348	-3.2243499781493017	-12.816107845481657	-12.293016746086785	-11.154916115538981	4.863286404331562	10.17962129563163	26.20544197914797	-1.0501408041377007	-14.838611549439028	-3.692521404895441	17.06846288024872	-3.108563979727944	19.336518768697125	-20.89212961486001	-8.690987050446179	-9.49346042009455	-7.390239070283952	18.618477042696504	7.8313586018918055	-4.343850210760111	-8.809218017545714	10.12224082502567	-7.708182647565456	-1.912217812933895	21.081089927354654	-17.60991179294114	-24.501367196405575	16.868198890618924	-4.672700027445491	25.326039397509966	-0.40548475198742606	6.8300370318946815	5.3695360097666525	-0.56367773185614	-1.369357556217621	-29.119778214361652
44	9.102647122306402	-14.324389746399767	2.415136539698038	11.109842576434612	-1.0134194904455436	7.560690136312304	-5.842393147287972	-0.2959515539613067	-15.984849918578483	1.3195474087048131	-4.916172778102317	-0.9135952779042835	-19.185646590082403	-6.785528687555576	4.9065431834105535	7.307203035696148	1.8621611363246897	1.2670192046497641	-2.437692348235781	-2.8929362922532	-0.02386356799043962	10.884190971558663	-5.719314016135687	-6.513162944300017	-0.9843827080049801	1.4833340562166357	-10.636325273535228	-0.8433184121873483	-3.122578191437071	22.49302373017953	0.6089064748907946	-7.854506620460057	-11.149067767470118	-7.964570378621435	6.168810290581128	10.898489219294719	3.4018209879679273	-7.109726154530602	1.2740142577075182	5.547181898105158	2.8462415500033997	3.29490758237944	0.9148945092243888	-10.587753235584021	33.48088080087595	-9.221640117942396	11.589738870374122	-23.649922574783574	0.7963012924183186	1.4563745649916586
45	10.005846573611029	2.376001817313639	12.065783884195131	6.799191716015544	2.5050772880097707	10.247684432886006	6.9465141814263465	-6.454498174472824	9.879515416219766	-9.596199299524084	-0.21831872665996643	-10.65292840770707	-13.978228661084952	0.030745513139921687	3.1982829827139545	-8.087254309696323	-5.301037992502577	10.488855212041416	-19.268532723082103	-6.249730394731335	11.433939261175045	3.690350887864656	7.821492293434341	-13.40577673320497	-19.08257430711175	2.961335090416085	-16.960872629741335	-5.062622452676187	6.705084417335751	-11.162592671958501	-8.224155448259229	-10.92804364546953	-17.476498973754175	9.88051356521711	23.43387336535523	10.926172382129478	9.058625455806881	-0.37638140568875045	-22.571693041087848	6.918094614107148	4.772772768800451	3.2583615232725776	1.1377486981478446	-3.6369581682839396	-3.3781408723540696	32.362144681144756	-14.178654170988041	4.594212013932513	2.889570122121191	1.4374121850629176
46	3.098178249152438	2.8620287725166844	14.24353304551901	-3.6651378981613196	-8.945954772591804	13.237716262134672	0.11583152367661143	0.9696203008591171	-4.73146173627687	6.674952020521252	-9.997867263923002	15.34052636807301	23.555118701373694	-11.755174494701972	1.8063156379167886	7.95979664315009	8.282976440724392	-1.795419186965618	-4.804242784497358	-11.401808275192957	-21.156300706002007	6.998892481483171	-10.040104236082552	-2.913159651343944	1.8544764572143109	-9.050926405785766	-8.326117616518323	12.633249181771	6.331447540092647	-8.811564569722512	8.919946897560688	3.21467958907583	1.8139409842966483	2.6460030625399424	-2.6998132081531527	-27.233910075802065	-11.428174795275503	-0.2354243176865385	-12.903392924362716	27.820902710819304	13.905952140272696	-11.022759968848742	5.285653805896091	15.377608881765351	-11.424647351292442	0.14512070091599316	34.215018064794954	-14.564877280852954	-6.036683635542297	-2.017504023042467
47	9.020035310914125	-3.3783084509381456	25.525678880173544	-20.687046078474197	5.535892128407879	3.423892177186616	14.04277768267345	-5.081468965954769	-30.248698514454325	-35.713671243492136	5.101306377192513	-8.442788158454924	14.697269483812207	-8.89689775551102	-7.807623630784357	15.158659384276147	-4.328411696939428	4.007083798218398	-13.232988266351256	-3.0551397932353614	1.818790853594229	11.75284434108907	-11.737068909248684	4.135391801126637	-8.320911366751398	-20.132923359499273	20.793915029356135	0.26886672085280705	-9.570513373144108	7.032352249398516	-3.9851988348469605	12.802764927486905	-25.431543660623745	-3.6194288315885954	-12.024765715553329	-1.1188263623218426	16.71739655729282	4.0199072328810495	-7.5440702964019675	-11.49887385451051	14.032486384058515	-16.868883090158842	11.552702683084972	-11.963963066402666	1.6577268008809187	14.66746055096145	21.32409191794104	28.877547117138004	6.513328122925264	-0.5157462753177549
48	1.2638456498189166	-6.64977895469058	6.1050643784479455	5.307758178369933	16.819126982770765	12.223931405316888	0.07143579647930043	20.43717457901456	17.246943970945164	-13.256236493249709	-35.696360206852596	-3.6371007583843853	4.212447122147632	-10.697016518586569	22.113703105122937	-0.8338777833129718	0.6817332939334646	-3.97558086151789	-21.90127167040565	18.968876334534443	0.9950604094215056	-12.336023376629406	25.12373942327551	-14.573628966690297	1.2786289154450698	8.514927527315612	12.878128904712941	8.5567927249416	-15.898467795065176	-10.159846638227169	-11.120785425322413	-1.9305569924463413	-8.790914679677607	-15.82680309768812	-5.291304572415253	8.347724298871007	-10.366952857466014	-0.07182260643972782	-6.759273279502759	-6.361453049309104	-14.625004754018201	-1.9083986061898335	3.6552155486265088	0.9980635418747461	26.360929230036906	4.850723973382159	-6.114021002843596	-17.641746833357544	33.0090484806987	-24.551536391197565
49	1.699932992943891	-11.096176843762349	-1.8233329990838083	-6.8604281157805165	6.651843026244426	-20.55762714949847	2.2694110184039618	3.3610278038663326	-23.49648795469423	5.424168384942371	11.109815176221812	9.229095405320209	-1.8332965464673125	5.565134614085492	-0.7674392885275296	-8.588612816727625	2.5342717032937214	1.7549572694135738	0.04821085461354718	2.5538177535269906	-31.2249078915858	1.4698076993512341	22.143272676936967	-8.141220350036372	5.807363259477898	-8.168650981000223	-0.3342453971224646	10.20989723639526	-9.425111382529604	15.416265186219837	1.0902264358990923	11.350278037235558	-2.3494889083740342	1.6502159561672967	-7.903147931356433	-6.446170306790938	11.203920712003804	-3.9989727095099306	7.291204027225914	-11.600423411050635	10.051089914499274	-2.9248699880850926	-5.2335682430546	-13.990981479438517	-10.994343460908096	0.5214503142771667	6.179973029137284	-4.661300129007892	17.553509102686785	36.02432971731354
50	16.978335892041446	0.837289931483109	-9.086413030233041	-5.20401099938876	6.26498921890867	2.808503035022093	-3.806290252880979	15.184549608950014	22.054659890295298	2.8847766848912566	16.354682583987525	6.5544818612381155	-21.554830869307327	6.282406517748378	13.07329989501012	20.82678290377681	2.8778603568319534	4.582960700520282	-9.018697313949371	-7.130194378612399	8.500000976565312	3.8656583203165242	5.701155233741842	2.3096639752333665	-18.747590734824623	-6.465333493997408	-3.1063094083688734	-11.624148801054183	12.324531346572325	-8.664015288833735	0.29244971520669427	-11.69839789890024	6.370129341331209	11.522250923577296	19.318830741169407	-7.224699661392976	2.3384058822431757	-27.305653976700942	6.805178874954977	9.670775641302358	14.664828578891376	-13.29189530006589	-27.458882688106268	-36.63404992751478	-6.080694120731367	11.88540033187956	15.322398054157823	-27.771655498028686	2.6823805266592524	15.532512639348369
51	-9.008917198493357	-10.131314065387281	-0.5259168099322715	14.529569161286124	-2.9097125633216105	17.222195899755818	-13.576327399527196	-8.53723802679424	0.9750953563706171	0.8284591188421747	6.118359127087647	-8.334194716285264	9.558094400563245	4.032607811665579	3.4806845137787703	-20.86962494437069	2.1808308718810308	5.170416752324952	3.561514746765229	-2.3430183787549046	-3.560120721347178	-13.852053855081998	-14.963452865781257	2.7158349445799956	4.469036372295645	9.715842343067845	-3.814737836270174	1.2685451981787574	1.741321512438717	-4.605188251127744	-7.682779924099882	-19.596032170837294	8.730767057676072	7.301558231434057	6.207266809166962	-30.017468636517606	12.674518098025972	6.257048081541704	-8.849999711520583	6.67272807352119	5.4936925706021995	8.576621331721842	8.043251122995155	17.74519316763152	3.182109225752759	1.9610788639922836	-18.85985313565896	16.097000028751275	-4.093976063792594	13.007695017772244
52	-12.06215014823842	-10.702193638972393	-3.099676848233445	-11.83468601641856	-17.70790275268223	5.883548440915286	1.6598968549656128	-12.568449358681264	16.63094814883468	-7.34500507483955	-1.9609476148283247	-29.033504728651902	7.107051875752655	6.929203822704323	3.6347279816803506	32.86792215317293	-3.5002924371782207	15.42627731681274	6.042000303042238	-7.925760603864686	33.83010845904585	-21.51440566377595	-22.43149118415281	28.904466240383993	8.452680035585189	-13.356590933052695	19.559916498719147	5.0041411663952315	-25.493310869998332	12.050098043008088	-0.6929109756320444	-1.2379323551732848	11.128722741835265	-9.43397921566611	4.624286312746023	-2.111806701271513	4.263364214343861	-2.745264208613738	18.993794305248752	-3.5428652589086234	-32.51696259617808	-4.027597829103098	-8.299421179804142	-1.3435870580624032	21.015730149799012	-8.279969283992145	-12.321825774007205	1.4521497110830797	-17.17475126384252	9.056300114628968
53	-15.098362320576673	-3.6628483378401144	-2.4319623823766285	-0.202800638312701	-12.187655159452966	-15.98867322461986	0.30628469292018384	-12.198368027685728	-6.019185921728614	3.9794449949858786	-22.94260107905462	4.618217856810672	10.085987857780975	-9.360502975210611	-1.4420192122334041	-30.70547225262148	-13.184343709900919	2.3633443106279297	-7.1477865988473965	5.798832493209108	3.40273833004518	5.531864497207258	2.8055251396290983	-4.91198760822018	20.979807605305236	-5.495680882650513	6.6977907719788226	13.965049796473119	17.15566259689001	14.048733535441109	1.8279923878979671	9.228712712327258	-12.589603131249275	-10.888409909782265	-9.005140867511788	-2.007352305074402	-2.302315360578529	-6.525233196239596	-9.837079357491298	6.110324041407249	-9.721141707046597	2.218595726939693	23.886943072816866	18.57030048313677	26.25723275947206	3.577665389428435	-6.178160125214987	22.279018318724585	-12.486727906667449	-7.5654931880760525
54	2.3150774621314074	-12.232422977459915	7.937146686242855	-2.0282014632203973	0.08935540453626434	5.462411103224636	3.693718637957806	2.962144903423335	-3.561984019931321	-7.730644892220251	-6.427171512896706	7.103081212837289	-1.894403010478352	-3.397701882512887	-6.651417947850275	17.75074659358634	-5.252455413154242	-11.011871715196037	6.304017852391163	1.6946466367559525	-0.19085572166769493	7.996081629769411	-4.3910545019322385	-6.538786885960944	-11.551892720730304	8.498508566956941	14.231292534116957	11.143875122840296	-19.414344419536828	0.10819858024944473	19.98826417746396	29.393585791222044	-0.5609200331843543	-2.211354010899353	8.599676891472939	9.833934340979534	6.311961976131618	-1.3303786480396642	-3.3410393263908436	1.5902747197124207	0.8550209294032114	-11.645417993966259	3.622002645475982	12.420235595460253	-17.364333170456405	-4.850123325606417	-3.7689161067324677	-1.203907095853244	-18.83382025043935	-1.316944951088696
55	9.015967050724893	7.669986415074925	16.470400791535788	-10.628737969803707	1.8777658322249648	1.3128626709474367	-23.951561946161533	-5.575641390768529	8.450745439611842	-2.726975833448056	3.703906621494335	5.955126767434259	16.879651307449915	-30.14333293611839	8.174132081567784	-9.040872816498627	-5.633933869517504	2.7828479329553097	21.121081637860055	-3.9140218958887907	-3.371298958388944	-4.281995154694695	-4.0314827816135885	-14.002978030752368	-3.4058881369320284	-11.971830867648338	-5.10980943872274	-2.5486342619533975	-1.3854256935745475	15.790154438219732	1.4598845330695513	-4.397550540036608	8.914410929814027	-21.147719605107017	1.4817321551428462	-6.023984231545399	-10.718593340507018	9.674964282279998	-1.2053742663346871	11.082387092158005	3.548720767461055	3.5040812211217562	-5.607488104739285	5.238103427057634	-5.159476882849249	23.172281865071135	3.941834219157583	-20.51597116313925	-5.799508258336418	0.6489341633374422
56	-2.1990816199113095	14.554897288985291	26.090546291265074	1.7551746352535798	7.545112099083163	10.355062820961066	-4.125072487042065	1.611516974467715	0.03769437184331559	1.543569321878475	1.0766459460115332	-10.723837584813305	-0.7611275362337846	-6.476619970139571	-16.807062426028015	10.8210530391504	-6.85568523067176	-11.35454616713498	19.3191585522004	3.093853177955925	-1.3908377419524312	11.877235873939798	1.8653364518208302	-13.705920805489775	-22.665227552021086	25.76946575722098	-0.005745190415446029	-2.8597936729668363	-13.080806870626773	0.7463492523365706	2.9447227062493537	3.192246793707274	23.321754262813194	-2.609341049827962	-10.84550788865991	6.96698464262014	1.863424561612392	2.668559358111591	0.8813981261822061	-14.395809963992221	3.9414257093690748	10.585916066881047	16.050903569863987	-18.595426872866586	2.3598904806009497	-26.443254587109045	4.064014729333922	-7.435966135685691	-6.41712476947518	-9.07028486748608
57	12.261534797624009	-16.93848351326622	-8.857298978854889	-13.219769234506808	2.5608474154021064	-3.210702446267266	18.42674354104325	-4.070867911487249	-0.16252809433984405	-18.164197507762758	2.11851066887128	2.1876734528086654	5.649064937887275	15.067982552391323	-4.231153926322505	-12.712350931375042	4.025118390997562	29.926534687737202	8.393657099583454	-15.876361612082475	-12.535712352468888	-7.5407494593465865	0.088553836423928	30.022263534955727	-11.911664317338445	-0.5138130635300974	-33.30878416791501	17.803626687578106	-4.037166129952039	-14.225144536111493	18.286543415966293	-3.032284526008513	-8.55514010025529	1.3228556886220613	-2.831311786300179	-17.869389944323878	-4.670150595770292	5.935896410817156	10.285313248740277	6.495585192579457	-11.892096613305966	-10.699785728773273	9.24469502735989	17.065861238451987	5.998541164095418	-0.7536545695066176	-15.982726993761798	-11.685060749469267	7.0433400434050935	4.250567238570089
58	-11.065815915533097	-3.6629945198590654	-32.29770261009609	10.675692648874584	9.167455737145675	9.487769340485835	2.5179223367660097	11.539864261878531	8.047960159132705	12.060831563581113	7.300522890453168	9.541354115970533	4.594632820978904	1.579501173113673	5.6930472392989575	-12.458742122584413	1.7996233520598501	-13.691069527184998	8.27218950884664	6.67618825130536	12.580565553517822	3.0902514446945974	13.202777662225508	-20.21992471741175	7.002579680279114	-10.36106874328656	5.597741708231386	-1.3684090979636139	0.11337658879956702	10.493404361106036	-1.7274043520960791	-23.26440737034183	-3.8880745633615694	11.13771478871918	1.0122600643738051	-3.337965050226788	-10.329718675787447	-13.526114470148322	4.171005188849644	19.54895871544118	1.8833093251695292	-16.41340476586515	-10.527283089176969	-5.94137277340582	5.001432594381808	-0.8051883955621992	3.7439121271729725	10.423398333891939	-5.883694006474946	1.6422085736173766
59	-5.684609459719122	-17.75929549366867	11.215333287293305	5.620225315276546	1.1715229940868754	-24.520458359514752	-0.8693103292947988	-8.098446059976327	-12.391934899056668	6.786144598071527	-4.007988042497246	2.6193704722642406	-0.3383806237840975	13.798673291626713	-3.1942129861899415	10.493509940187817	4.9198400395700075	-5.704796897280168	-2.927320821972545	-9.791957771823952	22.200597545122356	1.0422641420780854	-0.7883993081368879	-0.11200237392392143	21.510467255211648	-1.42693904641609	0.12286810898458866	4.3468224614201425	17.636618209949347	-14.302546226373355	2.968998804633993	2.5019173125309795	6.654624467096779	4.909078442738136	1.4300238540354357	14.405631968674205	4.311292904455186	1.82241518231185	-8.82809387275194	-0.32390350352947894	-2.741400598674733	-13.657096879072249	-0.8066224652883995	1.0430478799521192	4.662971181105853	-2.0638274232140406	5.788403824719501	-6.095173985086741	1.0430117167217483	-20.26985529722203
60	10.014313547754046	15.364252654495479	-8.276284292623133	17.15046892909851	-8.029522306505068	-1.444706233395756	-16.03902783922249	-17.67561930294886	-24.78754299141447	-9.803957471387413	13.04245365162847	7.623085035388592	-12.935278619677696	5.937958255983027	3.1311276651287705	2.1781700126577284	8.385571162063492	-4.962052089847157	7.625967771859331	21.14703520819785	-5.208841431255124	-1.3112275439533474	12.886436666545976	11.11418761861727	-2.702178302857802	-11.549613115916634	14.542066489329088	-13.603614780392949	25.141125698776378	8.419612920265312	-2.177514573285073	-14.304478672054502	-11.164948032025906	1.8941732589595297	7.374822432519439	14.166304909965177	-9.578116184203013	18.744396425711834	13.005396588167036	7.674826849647843	8.010966299551532	-4.29865346811373	-17.251150525469328	12.723115985516454	-6.36318518114431	-17.619122871884528	-29.064209286117663	13.435667590716303	8.412848599001991	-8.03088912080226
61	6.237289133510243	8.626232975514618	4.261962392331783	2.2709321890988665	0.7047630559083757	4.048389105906228	-4.863667477175053	2.0411408988974427	-0.1329373024075179	4.720090897719102	-2.6022029446076895	15.233745844711047	5.912551670321529	0.27524385670470863	-2.605398870123749	-11.239787829292084	20.374678145799777	0.4449197183631681	9.108031690441358	5.700382988983444	-1.9494490908469737	4.769753260646046	-5.264692888082795	-10.935744703478246	-5.9645966581544805	14.149757945222321	-22.922290046543427	6.032241919804331	-8.830914886650211	-7.184990348902106	-7.351007063917765	-3.914320843361639	-15.11343226250877	13.045162326846974	4.980864457396851	-6.092437780107602	3.988075730160613	3.6732397159674046	-5.31696585495214	22.02888989940836	2.855147021630353	1.394342322466127	-27.692146332531216	7.499995477732339	1.1950272506560629	-26.053793469337904	-0.22998380403991042	12.780871723832721	-6.5696138191361815	10.645992227348284
62	-0.8142709633290659	-4.45467792477283	36.539079342731114	-6.0147525882154556	10.24073547303636	18.391145724412734	-2.3215257406293865	-4.8830795646919	-7.482430811455744	-7.3289932774132325	-8.197183577680585	10.42230397021682	-14.806749867709605	-7.132309338287894	5.116769241685212	-20.570297287904374	1.466467182311189	1.3128447345520786	-13.05142659748688	-3.0790405658221385	11.208794710883154	-4.880325325157463	-3.095643206644167	-10.763349288658052	-6.824943302441181	-3.4680697726068503	-1.9210363940953292	4.307335883168751	-4.908198704915235	-30.684477856723415	1.592040417218259	9.342363178787025	15.30044456409599	2.496698163852839	-5.700858569113605	-1.4461091241004627	11.742305349989557	13.927534325844913	-6.500966128002116	-10.728509538203955	2.4556771703751763	19.23814619430926	5.841778651950953	-8.926979223825155	3.8342364603282104	-17.28423420298739	0.9576120614085872	22.006160956925108	-1.0526502655062475	-5.152725478734078
63	-17.141820100975636	-4.261124933661789	-1.7634317886401583	-11.055040432633163	-10.885369204209512	7.7838275085942366	23.114983296957988	10.596922486729989	3.1046017097541547	11.133376586008406	-26.716601087642854	-7.135038608778386	23.14200171602392	-5.74918314746873	7.445157017299312	-1.1207160963087657	-8.175228525688906	1.4989326170145465	-15.357174745805514	-5.288769416580246	1.4090843472999963	-22.143407564030852	-8.021951391255751	16.60050113142168	1.700232047206892	-5.422286183238272	3.3202319041630366	7.387021549830611	6.728314591956222	7.755121962678585	7.437479619302606	15.961303217204364	-10.162386452946764	-3.763293648272785	-12.393664013848028	18.68068905789486	5.4377743284192395	6.252004388118823	-22.76212719298312	-16.49790053753389	-1.6467996012543809	-9.837434334816763	8.121343214303774	-3.120033486558947	-6.642186711832592	6.048245570508803	11.386779395452916	-12.007793619164051	2.718477020583806	-2.8054899347004953
64	-10.210234587002448	-8.935765077927824	-17.024387390763984	12.812557170642368	-5.463638900488568	-3.393049437059804	18.31328859517798	5.4533455291950315	1.2413464084707213	0.4856116397627527	1.9806494320854877	-2.3535434915029305	-20.155007350337378	20.656772719070673	-3.4567945623739043	13.35740670352705	6.538841272180969	-4.188104423934008	-6.917731011959078	-0.17434087975670717	0.5260201251364721	0.6134816396337899	4.125697415332395	14.296714616840658	2.915055970792734	5.479254118236989	2.6036829178682455	1.7541025657329694	2.3018796489011843	-15.115583898809948	6.630131077792149	-6.427258994494256	-0.8910580322361059	16.736093945868483	4.6239937134017985	-2.4053529738189643	1.8844188277012952	5.77563886517583	8.086760244177182	-13.23809821359497	0.46645051140367344	7.661336636865955	3.61244115850722	-5.436906708120879	-4.66488831152877	-20.844069073046654	-1.8760713144610723	15.078914660857297	-3.484782479068938	-0.5471088321477878
65	-14.297551128945717	-1.98425783602586	19.443047568773064	-22.133554475474178	-11.360672212990146	1.6839253598276458	9.834903124450424	-1.0695454142219905	-4.362807297169595	0.7962212936565984	2.7281153407085728	5.106174822463252	6.617782789731498	-7.063867983847457	4.3453057656354135	9.076204776262898	-0.32645409323420926	-4.971927063049591	-2.4772358670496057	-20.149501314435234	-12.053781797225387	-6.5615350787605085	8.522003147565849	-5.189432867627724	-3.8613810832274993	-6.783991481780555	8.145284234142844	25.86119506554763	-24.22999846764415	-12.966340265759687	-4.679268648890204	18.324873653665307	5.3669801870587985	-8.497581796161331	-7.718396337280766	24.505098397793894	19.626395649377475	-0.524517277474539	-9.479172455366546	-1.7978932495557978	5.016933378674308	9.211686790243954	3.670851266203397	3.062638322691707	-11.681645276550118	7.24060407907232	-6.181689791413189	-24.632037464015625	2.857663309239509	7.790319346439345
66	-5.41664785347863	1.60814900843256	35.31668279263944	3.0156320633458416	8.563647325137534	11.054187261783435	10.446842858791763	-27.540737832190093	-7.852862551124862	-6.591207490720525	-8.198820630236472	-3.8027753205384682	-0.6477837089873637	8.929462596695483	0.11168613729708099	-2.4749824272276033	11.65273918705708	-2.3246094220213385	-8.418516577427674	4.389481743060935	-5.8934417555518	-11.548711897979201	-8.406224790445489	-0.037122233105905525	-5.8886549425096746e-05	-9.050618506244918	-5.805575492925727	5.081126581817609	18.169214495414785	8.071064972444177	11.630784179716802	20.65798999400115	-0.6918117685496823	3.254446312894756	-9.690231770107331	-8.027303395583143	19.723382720845855	2.386889316942364	-18.35894738389929	-4.806792993439795	-6.4037514569693545	-5.922385222262083	4.803921201085286	-24.564270134214393	-7.359018722402372	6.474667619091113	-8.690036543985192	4.1967004648432775	15.162846391085168	-0.9251556994760242
67	-6.22283627558423	-7.943607053221307	-4.1922656719666485	-3.3159305084170247	-19.32762421748749	-8.406800653762001	-12.189826361322755	-8.423385516440494	-1.7477822651221628	1.7109491233051768	-14.024538882058781	-6.546398484240587	-1.0629957159969783	-6.672450250576029	-6.799774735006398	-3.4035006316891283	-14.289267771868234	9.685005000622176	-6.83789744466571	-5.967200788025343	2.655655865938132	-4.960899550032856	-12.568552448587644	2.0572130637628727	8.28319646324628	-1.9781127621014754	1.3620465222411657	3.7653866715127573	-6.085406979361602	6.295680097629899	-6.49825141793766	-8.020143537684616	3.6955226429668544	-12.002264669577988	-9.0609829302458	3.0262891422053664	10.27622925590543	9.715838784836691	-5.9217895969531895	-3.825166881951796	-1.4895806185399543	-4.822144998213741	9.525509926961334	13.074953262677809	9.17442324627285	5.157207080610109	-2.9743647147723524	-1.548331481359983	-9.998154061630636	-7.560455405550082
68	-2.6980744482578465	12.163702835926228	-1.0361349597600409	7.0790944855743865	-13.236418762960545	11.11731223498368	8.641729247867234	1.6581001407661577	-15.965453880279535	-15.769494931128929	8.035235289180509	1.1704921039142882	-9.371410516278669	-21.520255306579664	-13.353888878261287	5.501255990055245	-8.67624961378909	8.515357444082776	-4.18304248082453	-16.970639050968312	7.4159579628894035	0.6244262799875413	20.441833554108214	21.264462318758333	2.193182423322198	-12.71249297441852	5.97510523536725	-17.611603243713617	-1.9480175622733231	25.861869723771385	26.926105655770517	6.867573837023501	-0.9068335403745322	0.3285922856821806	-4.111310766277985	7.993318052812365	-12.803552578957145	-12.93231932462113	1.494605661970593	-8.15531591504895	-3.541413813502258	-4.6531249352729	8.333889627908494	-25.40299747634974	12.095021591514387	-1.5254455487250649	7.514451754507658	-6.4866260419650015	9.325210413781795	-11.968168442846554
69	-0.6534524187474333	8.910254203708517	-17.703200795600825	-12.874717604767454	3.443726881871445	7.976315725883854	-9.836965762646095	-7.988091214779754	10.367942924658674	8.942835112843142	-5.769957678603717	-7.334705602033489	6.222182990856	3.4962992135429394	-4.316188768276402	19.61125847303876	2.308090023669479	12.582962994793402	10.974953370021593	4.221523998825875	-0.4518228862839568	7.6893267826432705	5.340488829582904	20.460815648648147	-15.325947881982941	27.806450064680813	4.559485844468814	-36.82330946646725	6.040327268623388	2.6851173853855657	-12.472695318457458	-4.078493940262756	7.210307682608599	-10.4138301078249	-1.321670203717904	-11.716811667776339	-3.0122907011423794	-2.234660289842627	5.598537065930413	-13.80307519082061	-8.92304732493912	4.767716294655944	-7.269252792439498	-10.982871044286247	14.066617041670856	2.912485957701268	1.1450841986402875	9.426239223834816	17.801835437877358	-6.239938261095327
70	10.125749698007628	4.6154700664422545	44.37912946324308	-3.738480238597255	4.549062421458967	8.042854067706026	4.4195913717132225	6.915547846820033	-8.187854053073107	-15.521968336368587	-4.557324502460681	1.113371226387137	-9.41058278284577	-17.510766928761903	7.078811954263058	20.121111682141795	-21.25784668774871	3.793241794745315	-31.795485946035605	5.795660266467516	15.971864688713465	-5.963826855313177	-13.49985236509804	-5.663474814835564	3.4119215850376037	-20.52162328574444	-16.678463568795927	28.053472462029596	10.546221846583862	-22.526034795682104	10.876632190415435	25.22247512696586	-16.92676751727366	11.728963698394402	-7.702261762727558	5.846635268051135	17.35260718263293	-11.874441986933226	-20.784047677136293	-21.98295631099372	8.062541480449983	16.220234418792842	8.170209107416705	6.458440748186868	-27.688719481978318	0.963618284622473	23.295067520781252	-33.60334378464799	20.03502666222419	-3.6697365635227124
71	2.7639421211539608	9.133495428897554	-4.646686353894728	-19.368471744132723	-14.591123811576535	3.1350152419403043	0.971443765990462	-14.444251484401502	8.934142782096385	5.501538956430567	-1.4004872660912397	-14.337223473347136	14.019738393155173	-0.24667606178273505	-2.1014909130989494	6.562506516798704	-9.247910576588309	16.328501811909447	-2.313727341623181	-10.71894078218924	-19.96191702485682	-10.579231049649145	-10.82773174310204	2.542835558689573	-0.5499710471892105	7.847244292630956	-5.316067848805903	12.070990629524918	-15.095192082210612	28.99500878001172	-0.1719776869241154	15.25942530110597	5.604058496789784	-18.1612177303447	-17.68542210486635	18.09882753316532	12.956139318985567	-2.8021918168344246	1.2686527946151271	12.662092556729373	-5.765697476793706	-0.9998078478887757	-12.95563567800764	14.313286105454559	-7.27320034829561	8.65152876401999	3.4341522173102996	-13.273414007134974	4.6378612451927035	0.992786690850481
72	5.944110930907417	1.5019029113710678	-7.986523279517815	7.006956933496227	6.155091184245083	-10.360335952473678	5.230442224965435	9.060011109996958	4.813801482409496	5.365296500496452	7.119904282178287	1.2567424054496958	-3.567391756565838	3.965042992946648	-4.878911782486573	-9.757446846720459	4.241612359192383	-7.527819927479826	-1.020772759545161	0.26534785776279834	1.206440274889863	6.430641865281973	7.84322896680417	-0.29271161073715546	1.3526922671933082	-2.2115063016771206	-6.100822429600761	8.428726274531442	2.5580358517477766	3.7570648064177297	-3.566405314644909	-4.454620012863256	-12.255881543987172	5.201464250953108	-5.03586527744363	6.440038750103232	-4.210173153693155	-11.05004979045786	7.163564163650712	4.854608588594088	3.8167831374433407	-6.0190687454855825	0.8783400618632443	-8.114436847009792	-2.082095626748867	4.615825128883234	3.8821623107581655	-5.615023017720752	-1.6553844239969044	4.030520177391972
73	-4.173974950518254	0.7742652722519318	-7.103367684833493	-9.243346705037563	4.926887731759369	0.15345046797810213	9.903694345655158	2.6997235883055755	-14.884335664021586	5.182573763467617	-2.734404991384993	3.5300274272152867	4.4114230309780424	-13.86372238186254	-1.6054428324333503	13.10412849791896	-1.694976262240054	0.902292312434005	-15.932933514520647	15.566075639925575	9.568921825194089	7.797704191393233	-3.752986413396596	7.141511588227521	-4.7554378748830946	4.083222191326008	-2.25015707388587	4.292982199687517	5.426887655562392	-13.27605338723784	-10.791624477829945	8.815721351464504	-4.705167396816268	2.1037412753044427	10.307729287798526	-9.27867028609332	1.1731361120887294	1.5666417132497406	2.1821490486822013	-1.2809069350938656	9.967906762388834	2.9223312527221976	-5.273341897003663	7.695210724161848	-1.790508858350039	0.6264430654942386	-10.98303094290711	1.2633778010623105	-1.2876562977287853	11.327760873344353
74	6.843332385441071	-1.4742521170686143	-10.26352923704319	33.51443433122053	17.764041627867478	-2.824587316805224	-12.341415875713874	19.26553075438458	8.13611574908627	-4.569163972264695	4.619006181393966	-0.5378313832193085	2.8529652569291866	32.63070968797523	3.7931484190508127	-14.365915148090924	17.759680349143146	-27.490349887052687	41.50163246183288	4.841991488255982	-2.961533875027188	-6.846815572872486	18.367966499664227	-24.429671968444907	2.907438746222943	-12.510632047833077	17.699501376100716	-13.063659856573906	4.966404529807391	-7.24957460926796	15.78194253330965	-32.001141506146325	2.4946538872412742	19.161617135996025	-0.527916665750017	-8.03349169684994	-16.72809836125487	-6.172089091960543	-4.785530306396442	4.110825128877691	-20.988405086168306	-7.479259761487439	-8.423129287899382	-2.55210632792234	9.600168041291877	-18.959914146854587	26.101780384153294	24.535456172289337	-15.048849263539985	-20.759443499772388
75	4.19831588677479	-12.703113187550212	45.947948853363414	-14.5543745723458	-13.711144878538693	7.826086811340289	-1.8078703146963035	-13.036000342532684	-11.294081372450949	2.8044284248217255	2.5402825735273344	-4.197063311655543	-14.922619314189054	-0.7277031725424141	5.942850464219372	-18.25904002695689	-13.27116176758695	7.031597418107758	4.176193113459451	-12.839972120262674	-13.462032757834196	-8.044409695691863	1.5225777787247916	-12.595908070762322	12.171920722190926	9.00055334372211	4.616974957679242	-9.675675200323196	0.26461902279229843	2.916097385367303	-4.1863024650603196	24.06722935334476	-3.2205189773800003	2.8338181861302028	-6.4260962244324595	-8.412847738990763	11.667849510980727	2.7532347788624985	-14.349641973689923	-1.5241049709601033	15.947793470650558	4.152830595437679	36.42105123849248	14.302503606608948	-5.962127637643215	6.083375911053702	-14.921674120449397	-22.988934767765105	13.75943801860305	12.859368005500883
76	18.103645269892677	22.59540071409241	5.174606629685935	4.631897009454745	-2.3348657485632662	5.916732136449927	10.975558574195858	11.390095037848452	0.006312792114694488	-36.891478452377406	15.167642944670934	-1.24005424346009	-10.590951354813406	-6.887532802754456	2.8137873984027206	-1.6278557373382665	-1.7053942103619306	6.494624318446787	-1.5881026429777991	5.969867441099523	-20.029385580687276	-14.62520216732036	0.5579865135108903	-8.853698010718881	-16.459501492780475	-15.345736231731923	-2.3560573825819886	-5.799303095085692	-1.7512590214710961	10.167087563845698	-6.702310688109397	23.423573877917804	-4.920302456113032	17.363449438695035	-9.1414329577097	-1.416283671900715	1.6736590219477216	-10.094168487094016	19.20197527256731	4.17132984238526	-0.6246953106110174	15.299498106866654	16.79683569352665	-2.3171223751827705	-0.22396440348730007	-20.576078370215207	-1.4862034162476394	6.551110954641858	0.21522035071577417	5.9096166940540344
77	-7.8180638266223665	13.974808500969987	-10.279649447350161	15.37681020936144	-9.878088568341642	0.7400361020630388	2.9097114266631956	-6.178579669089251	20.78732647498337	5.0670452639337125	-1.208802541178113	15.878092286232242	-2.24664051451158	-1.3679321868517345	-1.550979254374225	8.233524751091228	-0.32053880083145136	-3.5387334886708843	8.578048563106734	-2.0046004773811887	-0.3595009598200394	4.618391493407144	3.562270380883277	5.886664914984047	-0.625572068177799	-2.6698087741269214	-6.486550755905875	7.843756005238164	3.575499248724609	-5.362811798081112	7.221200146738925	-4.308324820613076	4.773651110337724	-2.5063453048396176	-3.6220832100431894	-1.5754572822059791	-4.256752728394402	0.39038718946809636	-11.818255158264165	9.669089736977185	-8.332687257074436	-15.458505855056423	-7.8613660514622214	-1.2572211701101108	-6.402941266359338	-8.101013045472964	-10.410797241307005	-9.541709877720985	-0.6663739232450911	4.407887436613953
78	-5.192574712867828	0.1718585695073318	-3.3392284062972943	13.23783522085005	6.0000501832563895	5.469889009614471	1.1340418353541024	12.846126658309377	7.884250913552533	-3.757531885288831	10.418911712662213	-10.01212655188773	21.194840587093424	-3.108079586680187	-23.674573745740645	9.379207695512099	-1.4988750612583646	-11.293778811608217	17.112378336636908	3.506038342097755	-6.127882343722229	-3.6772187659644837	8.073143496924432	-8.327240373069545	3.1533433053043316	-1.611943601483752	9.702695582476034	-7.4042130395464	-5.689933414503624	-6.187731785712621	-2.644913578031345	-11.667930416330702	4.554440679085326	4.342895991569018	13.106109301777304	-12.520757314134407	-15.989497949057196	3.621101134042213	3.7969543621905384	-15.291272951517119	-8.85370005335838	-3.420723884097042	13.646512887023135	-6.277185836971361	17.471993602397024	10.980036140846465	-3.4133538536069365	-2.317472205829401	-3.1513839830496906	-1.5942403190860204
79	0.4090501019053545	-11.316225445568543	0.14096408214325207	-16.91961564338667	-4.592161822060849	-18.302285720029854	-18.215270666483764	5.132476005772103	5.030481660125022	-3.008123340583249	1.2197383026376523	-12.497364491136096	0.01415357205682033	11.077057894218242	9.004309425178024	-8.85846977817441	5.444078831629962	13.99777800085418	-14.37434785910183	-8.669675978126582	-7.064046842420379	7.411634320865225	-13.367099630293843	15.050426568316489	7.198226221492301	7.543982990593752	-9.26308850707857	3.35934547869676	1.2675483595948824	5.417552934385628	3.09820357127314	9.514006670026397	-1.2444846085811536	-7.445240533381716	1.8909918855556571	-1.7642148285901218	-6.057112371826047	1.6366173485891995	-4.200714684658793	-5.2549293127324965	4.1106709703534525	-9.498566686611248	1.463928724836065	5.375391887755113	6.609801238647105	17.826578786813094	2.4964238581994485	-4.23142257703471	-0.6342522529199597	-5.9444917183322294
80	5.325802406363039	4.4046167456569245	5.905197608992244	4.00311913567868	8.164902273525238	3.835323543842982	8.640977678251172	4.9964187159102424	-7.055982338519865	-0.19517597935192144	4.630632047535678	2.508919545296642	-3.2902067710866625	5.558242571302662	3.5623493117109986	2.5206174470415803	9.77316333121598	-9.232797192999397	-1.919307925648409	1.008652559507758	12.81584302208556	8.23347696442662	1.5601977489128314	-2.414209680541418	-0.6417400881089925	11.409782671367319	0.152087590448155	-8.268026418890424	-1.6267342015230712	-10.906195761934693	-0.7063285218236843	-6.2420439984309395	4.814042275279066	4.341359741917379	4.305989737945245	5.2680102036095295	-1.0572347380876919	-4.231641796869969	-7.092696600629253	-0.79759702916605	3.573051142258577	10.3485043395977	-9.678625959162037	-7.432565062630749	-13.721699845938865	-7.031947465299001	2.7737957415227337	1.2890755068666553	0.5886873951133403	-2.0595799604403124
81	-8.718069177653883	-15.112476389925897	-11.037281724763027	0.7792263019381029	11.228213042221665	-0.7250400738394016	0.3334640711722545	6.789142512376621	2.6355903601179156	11.140893168506773	6.045350826030417	-3.8184545448613676	0.9788510751677636	-0.4802989155423847	1.3485675064965728	-15.189747203491414	1.4252324656676358	10.435422218272493	-4.683017063409	10.095963244893156	11.784306986161326	-4.434912622132904	11.47349416283094	-10.678914464805022	-3.6054821297451447	5.362701523690982	4.607701869282599	-7.1774735510167496	2.860744817704072	5.68886525641167	-0.8503009442782534	-9.077001687244126	-1.1246867931532565	5.876940625312969	8.850071556393134	-10.719665662150925	4.534089733196937	-16.40145809165751	-0.017702750992383387	6.392175782268655	3.4692356125554857	1.4876763348576583	-4.984476726722472	-13.505752753370889	2.4865076892499216	0.3188392182282951	21.767988776646973	-4.5120266339668555	0.5857774967189435	7.095713662538356
82	-4.740506850344131	-6.820120871956009	10.300533337892224	-16.53011974920483	-12.716126587215866	10.699413132938435	-10.115004166269177	-2.8581261817399097	10.331031878875915	-13.816079369813641	3.167142659731234	-0.37563968764841826	7.815585925414942	1.1714560895854906	4.946102378920337	-10.825459219179406	-1.189394613103294	-8.322488844548163	-7.913779722645267	-1.8646707159459297	-0.6138442894680629	3.658641309600077	-10.287398076162598	-6.749066327955713	3.275486885323401	1.124107172806971	3.2882872007474844	-0.2161272961855616	-1.6835934867327986	-1.7354981506614555	3.5206670059676393	8.028375928123246	-0.15337928959557395	-8.897007891567048	-6.261521086187832	-4.629653465155247	-11.718778586025014	2.438816402936961	-7.066286412749536	-2.1638539922236246	5.034458506561144	-7.6855642953541015	15.621225729065817	7.430599545899308	8.512649231299465	1.8876114817716632	2.4779142054128167	7.658529631386381	1.459116449358845	-1.250420288645837
83	4.013523505530322	15.816063349310324	12.6874570086282	-0.8366987329717368	-5.575595966709918	-16.380447343014517	-3.5375544505820637	7.463912638889459	-7.552727071195463	-8.155264810075952	-9.39605574556122	5.019933663413019	14.812894481765294	14.106727010483814	-17.692028017088997	-11.482728501023175	11.2848022138062	-15.960716553676633	10.128680274932572	-3.297621124396719	-3.1977548615610836	0.81911132224967	-5.3701104594773375	9.955942998321298	-2.8002467921013494	1.763692632286997	1.2037407155527375	7.758500749623144	12.380770346347559	-14.745031796901493	0.3483668457321021	11.105096821158355	5.337395581467178	5.801953661998001	10.861278531019552	3.545689214324015	4.342674257535073	0.7020594268665343	-12.219370275639015	-9.67964176855112	-9.675848855478108	13.610297605779019	-7.082766694816577	-0.7434304994321499	10.640664347001579	-0.5168372358121829	-3.177762794602322	-3.4135530037922823	-5.017278437434208	13.909721567735783
84	2.8388158434260484	6.329948485257486	-34.69952082041244	5.648923395324437	4.388267342338804	-6.370474154072827	2.044623025292151	-8.512147832686336	18.68325137836884	27.24922448372628	-2.081351487713506	-13.275779205005389	0.3803501484244507	-11.79490331471002	5.750613382395558	23.48569681493622	-9.985784305331162	-2.5477230223718026	0.2954203558505317	-4.305136738482529	14.226288372317342	-1.5414787850089877	14.970443811596093	25.503543042717347	-2.4647316233581065	5.072390247199452	-8.55922938591072	-2.6643802850761267	-7.447986060933135	-4.678007501691304	-12.597318420892396	-14.979196136055162	3.891285033760244	-0.32587146016837165	-12.768315728320013	17.40229781997758	-11.714916803704122	-11.329710748341906	27.905764200714913	-8.093282004179372	-30.25322965410565	2.7852253666975013	-8.80097401212349	8.324975627677802	-5.564758268384724	4.056304271383038	2.213365618865474	5.639094576372024	-16.320598158342904	-3.5133556893207283
85	3.2298240620981034	-11.026783257293644	16.283677577392265	3.3090719317506476	5.126226576453958	13.508798381566868	8.62615772609446	-4.277194129279257	-3.813378227952489	-12.457012319405212	-0.3675469234240971	6.164653312883063	0.7062815933940223	-2.678177417607767	-11.625547606709418	-1.548251122437423	-21.457751398148368	11.617626250590108	-0.0539531604474508	10.846157473173145	-5.685839522487764	-6.130903981893131	-11.83263338646954	-20.854176547138184	-5.283242645652324	-18.13555174839133	21.100337271190686	17.745917836946067	0.1726844165343162	-7.971001292366393	-1.2042456405019777	3.829360071522884	-19.033017083331593	6.0744992542837775	-4.614147548538152	-33.42676663137026	6.6720887212043705	11.150342540793748	4.82661034692212	4.5080917952189035	23.7667314228224	-8.250041810665895	20.57536859890601	14.162354723141952	-5.298190431812395	6.8329950610483925	-14.08122810411583	-8.063549885830149	3.407947075961002	18.132919285250594
86	-0.5431611220042134	-7.983644480352786	5.678883571806843	11.62096464901398	-5.880270741251046	-4.65691820344949	3.1730472242440406	-7.514521067341604	-13.088998200800681	-13.094216072073403	1.0843647708371464	0.20219035516403983	0.3226862297255928	0.7854578098348118	-5.562967600325686	-2.942988625804669	-3.9102781042252586	14.58054117278105	-6.901265737252671	-13.064999348666683	0.19173681169881018	-8.233735467175388	-2.3740434208238277	5.7751066384854965	1.5005315935362797	-11.289902544676186	-5.354162271780213	-3.798621587523766	-2.4536864755008234	12.15130101945465	9.574329642182391	12.299991487538616	1.5876276209372628	3.8221070110216013	5.603013039152616	-8.020529214391301	-4.7685236950537835	10.275775174334044	9.058235476376993	10.873590573917296	19.93481594798388	2.9634767768830077	3.1674126010276247	3.502492332309926	6.379117776741292	6.183369997999995	-7.3303059908236055	-1.0620735433535495	14.574784610730427	-25.902659290233068
87	-8.655111902096236	17.170463932718587	0.9017617165337952	2.0430115366333985	-23.443677368830073	-4.424217085825728	4.934057915577921	1.39357921919986	23.009728309275403	-6.039588806918153	3.794372119129472	-1.8934398431720019	-4.962983321635034	-1.6888769814313493	2.1713696424908897	-10.0790579741531	6.805950860095402	-6.913838582691758	10.26599189575433	1.070086467164368	-6.591798784951504	3.345312918075088	10.392151107290236	-7.2866869845996245	5.569367572572126	-2.586796518869926	9.2077979426027	-3.694415808751845	-7.7935937416768635	-9.018912316938247	-11.577694700686884	-6.978165870151411	12.012439455170918	2.8167518270654845	10.41303914298313	3.50422487244412	-5.387868980628698	-6.767507988913427	-0.6280277635577867	-3.3306466189263317	-8.198822459586754	9.743582158254169	0.5909933281461432	2.91429945535928	4.42908528107012	-10.561189415362971	-3.0622142517548196	-15.006006185200444	-19.373557839803894	13.754102979407627
88	9.40911876427708	8.77292332425882	-13.245866344080031	2.0677431523429433	9.89941555613661	5.769339522741268	4.893265881426405	6.016506911156625	-0.18236370743870745	6.419878821490795	10.793830211463433	9.62488305092197	-8.718882445277508	-6.166460819951127	7.462028416865045	10.375379090505014	4.981623526103229	-4.133992471233589	1.3742093792883696	-2.952362619144436	7.38667559484777	19.846027523565965	11.070462148840221	-8.31914688386293	-1.2508116126808246	14.508433119642088	-2.0315856383178765	-18.872401620757522	-6.629099265493055	6.304973155585014	-5.985391075064253	-19.070561849604758	2.2339498322281766	-5.01477068922702	-4.91405275682846	12.45824540361195	-14.85746563691314	-1.7173440255401269	3.578397981321859	18.147422979867695	3.2787732921946633	-9.836509690247993	-5.598852613384777	-2.173336201720492	-6.149434769228326	-2.1849203705625255	-9.844143258801902	17.614569820907224	5.701215917611999	-15.065283034091163
89	-9.130634981772484	7.953007310681458	-28.02368978658682	11.6351362925984	-10.8671419611324	-13.371078876593305	5.486134863002976	2.5707850750295647	29.154143902901716	7.2528069932462484	-13.330021024042258	-0.8460006581055526	-5.032585698548216	2.486864187776631	-15.11291779288706	1.607388440764978	0.9076618636575271	6.012776243678854	3.1233505244318205	9.52345821854663	11.759992224952137	-0.593353052841334	4.651378711563831	5.958793413745428	1.5668993152408963	-3.9679253964639924	-9.317142476550448	-6.7785635262332296	3.642985499702652	8.880757392984371	1.5777988620560874	2.179551647353168	8.933513522435412	2.4793537175438014	0.4052451038665561	0.5683201575097484	-8.47949929429749	6.597044812171118	17.605819276952314	-5.668463311004489	-6.856207888434843	-9.833420608148339	-1.5575306625584646	-1.6821771758020092	1.5773819875394572	-12.56513964650367	-8.240807518686275	7.890040161372396	-23.68078959476394	-0.8544787451644854
90	3.276331381583028	6.838429993214352	-0.3142986292610535	6.608050102527597	6.59350360254252	6.882345279900601	-3.1158031072132646	4.640232491956852	-8.116188894669595	6.777214436991279	5.7288379676365775	5.961487362593791	3.501449612815014	-8.77039266370723	5.395554639458957	-12.912649147331582	7.809763696610321	-4.142300483803191	8.122838593129806	7.408958441476774	-0.1153667420174268	5.595328607238887	1.4816969132920088	-1.8591899044360574	-4.0705986458433685	6.790399662428855	-0.6511537562478616	-4.810671698837493	4.280721706818511	-5.121178803039017	-1.3640865353590739	-13.328856764762833	-2.6245898328824655	4.3066186539184885	1.7629999453017136	-9.702777957713668	-4.314997688770695	-2.9795402764022167	-3.5965064899534207	2.683497115798312	-0.963715542890982	6.72841319691916	-5.254780159292755	-5.888238697790789	-2.9634498019613122	-5.323333695887586	-2.2212849790607834	7.854012691791256	-3.9235568075561496	10.089889572829678
91	-10.936956141666279	-2.638366439058132	-9.348577436700772	-5.833907243712172	-11.75360756801814	-11.80077295667724	-6.850279672356283	9.913852049807005	15.290568429027378	-10.177077918046614	-3.085372067013988	1.9254065199865678	-6.624024442239216	1.048675911716414	4.160043667875389	17.85340589389119	-1.4533238961238268	4.135300558164425	-14.023973838074713	-3.7959007798493323	0.16923373734334035	-6.481250413747245	3.9542828424392726	4.391987515398814	5.840730874536111	1.410590427045242	9.628657015982768	4.0246362284247175	-6.909973921965291	0.12887574526261236	2.9993078462699225	7.8703979988318915	-0.9279434295245704	-4.676269335808499	13.166644047891623	3.3916257477929177	-8.632286337877023	-3.5961157004100666	13.907545870599929	-5.838440566497998	-12.015805090659995	-2.7590630972799217	2.761156513873167	-3.83122853127593	13.141378486994522	-0.5447865317252787	3.5551274330636917	-5.9690447855533115	-4.2184074924993356	-7.150048212732842
92	-6.061038687110158	-10.318712937270359	-13.612604177536701	-8.3885691733622	-6.388602796950606	-4.967963754586183	-2.787543138538627	6.723776738112896	-6.083125516149435	-6.523066983171799	-4.329138251285686	-4.399246672622781	-8.123345598280705	5.27702470547056	4.133926911379932	15.143062387408111	-11.212044547236792	9.634688282822161	-6.156685724453048	-6.078892792404572	-9.658256109023027	-11.556265968340416	-6.023272612432029	5.024413028046483	14.222191222494574	-7.450653795146017	-1.0278150896663234	5.20943053001594	-5.509632218898191	7.586622739061794	-5.628549741871957	1.7244016179552513	-1.9593474218533649	-5.25829515811564	-5.9139462651057055	12.827317222687226	13.712892793032799	0.6718714517602464	0.39324438352121227	-12.798865419250772	6.23404256626674	-0.9980193748787842	10.091058837548324	7.543431598001791	3.3478126692970243	4.938166802786108	11.200653809089928	-12.327320783804328	2.5436826590396997	-7.4503869259195605
93	0.1331530155827776	-0.5247567502798246	-21.903419154375	-6.8499691130256615	-0.26427500596544984	-4.555700303890644	1.6164103154886689	-2.048167181941353	-0.7217562090076021	9.49074689997716	-12.637942330658472	-16.044802525666007	3.827289054415511	6.97289869407806	-4.860762565246539	9.616987988877302	-9.397128579930666	9.001355993810298	-2.2894244353091437	-0.3511386185789147	3.759876520998329	-6.9629988885709535	-7.535694040282237	7.193589253456755	-6.613236400867673	3.178944842009462	-2.4624620607034053	3.0777657954859468	-11.67243820461998	2.8170381745898014	-13.034538555899715	-3.0168640537530504	15.058452092360316	0.36681617176026093	-5.3379496055843365	-1.770614575417673	3.7759447687016525	6.8380819639412245	10.65763096672881	-9.197174770613103	5.796681799698444	6.168739517572245	3.232760654511816	11.231335310026328	-3.3596617228702237	4.363613195903303	7.902366115860291	1.214934269663185	-13.690621183201786	7.121064391639097
94	-1.2582357815269316	10.167275124679296	-14.892794650586437	4.486013234352232	-3.39844128449389	-1.7671583675977867	-1.6789444011954997	1.8659946503297848	-6.883165963986851	-1.1210025758696558	4.253861672099129	0.23845431099337377	-12.016703604764775	13.209050702824172	-5.843943793743146	6.779194129071829	0.8969242531956408	2.3510124925162748	0.01902558173839286	11.25391050149919	1.3343777036314792	10.538051215421707	0.6595956028106049	0.6781260814352338	0.7913383635856422	4.410370000538069	-1.0950595248715085	-4.306367027246064	-1.3115590963636135	13.230098841426237	-0.5038258092590452	-6.114167106468904	-2.7408463877297486	0.576798439715643	3.1581394178370856	-5.629992387152158	-1.947181594749006	-0.029324231068638518	-1.837764875899134	3.5706557715564746	8.295714499335705	-9.897958069390512	-6.196363666758321	-2.339660096730911	5.364695862944092	-4.264295736973947	-1.0898879396380226	7.433858849754132	2.1663891541446167	-1.55139106386402
95	9.301480838326288	-13.256248514313516	5.347474181162977	-9.492488854987828	15.14408919369451	13.458965898151241	-5.423213434145946	5.46216733668787	-10.737690973811258	-0.7662863142462163	-5.244803203562033	-7.5833944077189805	-4.634705718499807	-4.958339499013328	3.334315746234478	2.237414795794195	-10.799497279844225	-0.8550693426395393	-8.843951635017131	3.6750235810665894	10.15354111890595	5.491122048831869	-8.83380965915675	-12.38931567137059	1.5304030426879027	3.8729488430939734	4.506562722778856	-6.946117423293325	2.0953414616849724	-3.6071226573549287	1.0951745435359173	-7.122801991875974	-9.484520427671653	-3.7658909215414305	-3.8173134782975096	-7.133198068651148	4.708635221596307	-3.656670416730636	-0.26155942714093827	-4.013287987478173	5.633134823452181	-2.6102726419465276	9.535086213305293	-8.603830994099717	8.135435030178582	8.386127673501756	11.009148563268694	13.777932102965774	0.4312044301585871	-7.571322097907795
96	0.5004002592199353	-7.6657454673185015	45.287696324211225	-10.180993642190746	-12.096095474552325	-0.500175830928884	12.25272203651686	-12.86863817813666	-27.74846801211073	-23.745572380848664	5.5900341826460505	-2.0918873806506877	-5.016983760313243	-3.7057828422986154	1.2485707667280228	-17.546988194976993	3.6729459721382547	2.496066949754005	-0.28695572625479393	-4.483677231378601	-15.112898898508387	-11.736460062543252	-3.5650013220538783	-16.858180687885326	12.45075641128805	-15.726979903964109	3.033533288382806	15.40153245424842	-1.552001024466617	8.13756216825686	5.957437560989543	8.448675291547605	-2.0112737883125433	0.30914148406823827	-9.39839162595487	3.6008825766155916	20.015752338789984	6.6702782436469406	-29.272303841880667	3.1211385724680554	13.999063018819665	0.6549814980454891	6.602143026759569	0.6203634239253093	-7.427538211449103	-3.3202085918417543	2.2660553683544626	-11.516211410361175	12.51052399070599	3.588896219034105
97	22.601979279790804	8.88354443856619	-19.477126520469824	24.961307184023486	25.302334722720452	3.562044619807744	1.9533782979923568	11.834322158174826	-6.681723927547206	21.88255142240792	-6.109564401905939	9.449522424316601	4.635825746169886	15.009296876957112	10.245826858952995	-15.79237215224746	14.23045419086584	-19.26156386083187	19.938492804675114	20.539456034828707	15.766899275885063	8.733246763194806	0.286026456227809	-4.838097784148816	-10.142105670119475	10.246896691387605	-2.377844759348949	-21.36433788303291	28.623329260965637	-23.909633122734668	0.02567258115039106	-31.107013313629402	5.229299205966088	17.030119528705267	-3.751876224272702	-10.572919226091022	-15.685452655020896	-9.853261792314552	5.858568573850946	11.799378958636236	-2.348937237810201	8.928151480661688	-17.925870233055303	-7.610124531575627	-11.581612913246877	-17.409490350268438	-1.5120536924958419	22.286102740068664	-8.286776322791985	4.9199564811238705
98	-6.091819022889852	1.5086236520577039	-25.28499415434242	6.161931324863243	0.8111527436183099	-0.8271316623987413	-5.8666018430966185	4.787828898710374	5.508094481892238	3.2492067574725443	-2.556052407913046	7.1093388805244135	3.448720414604165	5.533811572580032	4.757307962403339	-15.782235100780316	5.15138271424641	-6.2658941069162815	15.477086817590594	3.4509083006310846	8.33432946167062	2.7339313634255014	0.587247794050656	2.5573965264664826	2.3885245099836783	7.078421637075501	3.1117648812383516	-13.551125842491029	2.2280048256191387	-1.8740054879492787	-14.36490450535399	-17.532195170773626	10.679411688353373	3.2833752969166845	-0.39620541087061056	-8.935340759973762	-8.504873789604538	-0.5050413781451466	5.0569751091881106	0.7972678924280763	-7.2386576215624014	5.520694117567219	-4.24308133364503	2.2618018063584797	10.027254328539312	-4.412531591968126	1.531526206140055	11.61667521176363	-9.949044117075914	-0.6951281860843467
99	64.2879448373163	80.45656262468249	28.539705253319077	83.55183757881272	151.1994836994026	57.03344755306421	80.89773504922012	90.91776857867482	11.552485601929789	21.03847421130424	81.48381593359994	80.88192404203097	22.179705232205407	51.76857610531584	33.58314201379906	31.74757926521755	124.79970378141945	-92.61423280347783	61.74807307626045	73.63699730842959	13.608487075707684	61.41165558935728	106.02342478911804	-31.13011785318443	-85.67940047767411	15.789128366673797	21.17787369686465	-60.73753187091623	83.42057766591093	-46.82581065804408	62.202192824380205	8.040638243103531	-47.434848188294566	114.0827379151701	63.922943757836336	-43.20062124626001	-93.53728609667027	-100.51574430946629	36.01853713735013	44.07542289669075	-5.878872672057669	47.14687801146887	-71.63526676162914	-101.25600718648585	-81.42100390872947	-72.87442946177676	29.080624350663967	12.961742412648526	59.094221517698266	40.345305529372446
